title,thumbnail,short_content,write_time,link,company
"“강성 커지면 분당”…상승기류 탄 與, 웃지 못하는 이유 [이런정치]",https://wimg.heraldcorp.com/news/cms/2025/01/22/news-p.v1.20250121.902d2e942d5340da88a391369aab40d6_T1.jpg?type=h&h=240,,,https://biz.heraldcorp.com/article/10404702,헤럴드경제
"갈라진 대통령실, 서부지법 폭동사태엔 ‘거리두기’ [용산실록]",https://wimg.heraldcorp.com/news/cms/2025/01/22/news-p.v1.20250121.a8ffa2223085407bad1db4a2fd3aefac_T1.png?type=h&h=240,,,https://biz.heraldcorp.com/article/10404471,헤럴드경제
진중권 “국힘 역전 여론조사는 ‘착시효과’…‘이재명 대통령’에 대한 불안도 반영”,https://wimg.heraldcorp.com/news/cms/2025/01/22/news-p.v1.20241117.1e4935a28696474e94541c96f66dbe72_T1.jpg?type=h&h=240,,,https://biz.heraldcorp.com/article/10404509,헤럴드경제
몸 낮추는 이재명…민생 챙기고 민감 발언 자제[이런정치],https://wimg.heraldcorp.com/news/cms/2025/01/21/news-p.v1.20250120.5e3f9dfd846347ac9a5b560ebb59d4ce_T1.jpg?type=h&h=120,,,https://biz.heraldcorp.com/article/10403685,헤럴드경제
與 만난 이창용 “정치 생각 전혀 없다”…정경 분리 강조 [이런정치],https://wimg.heraldcorp.com/news/cms/2025/01/22/rcv.YNA.20250122.PYH2025012215880001300_T1.jpg?type=h&h=120,,,https://biz.heraldcorp.com/article/10405077,헤럴드경제
"친명 혁신회의, 임종석 겨냥 “아군에 총질…이기적인 자폭행위”",https://wimg.heraldcorp.com/news/cms/2025/01/21/news-p.v1.20250121.419365d35d4d4e8da22f6738d951c468_T1.jpg?type=h&h=120,,,https://biz.heraldcorp.com/article/10404147,헤럴드경제
"트럼프, 韓 뺀 북미회담 포석…‘한반도 게임 체인지’ 예고[트럼프 2.0 시대 개막]",https://wimg.heraldcorp.com/news/cms/2025/01/21/news-p.v1.20250114.d503d9252bb74bb392637bac5c2a8e2c_T1.jpg?type=h&h=120,,,https://biz.heraldcorp.com/article/10403586,헤럴드경제
이재명 “비상계엄 충격에 ‘가구당 50만원’ 증발…GDP 6.2조원 사라져”,https://wimg.heraldcorp.com/news/cms/2025/01/22/rcv.YNA.20250122.PYH2025012202510001301_T1.jpg?type=h&h=120,,,https://biz.heraldcorp.com/article/10404585,헤럴드경제
"국회 국조특위, 윤석열 대통령 등 청문회 불참 7인 ‘동행명령장’ 발부",https://wimg.heraldcorp.com/news/cms/2025/01/22/rcv.YNA.20250122.PYH2025012204270001301_T1.jpg?type=h&h=120,,,https://biz.heraldcorp.com/article/10404493,헤럴드경제
尹 ‘계엄 쪽지’ 공방…조태열 “받았다” 한덕수 “기억못해”,https://wimg.heraldcorp.com/news/cms/2025/01/22/rcv.YNA.20250122.PYH2025012208630001300_T1.jpg?type=h&h=240,[헤럴드경제=신혜원 기자] 12·3 비상계엄 선포 당시 윤석열 대통령이 일부 국무위원에게 쪽지로 지시사항을 전달했다는 의혹에 대해 관련자들의 증언이 엇갈렸다. 22일 국회에서 열린 ‘윤석열 정부의 비상계엄 선포를 통한 내란 혐의 진상규명 국정조사 특별위원회’ 청문회에서 조태열 외교부 장관은 ‘계엄 선포 당시 대통령이 직접 쪽지를 준 것이 맞나’라는 백혜련 더불어민주당 의원 질문에 “맞다”고 재확인했다. 다만 조 장관은 “제가 앉자마자 쪽지를 건넸기 때문에 기억 못 하실 분도 있을 것”이라고 덧붙였다. 앞서 조 장관은 지난 13일 국회에서 열린 ‘비상계엄 사태 관련 긴급 현안질문’에서도 “(계엄 당일 오후) 9시쯤 집무실로 들어가니 대통령이 비상계엄을 선포할 계획이라면서 종이 한 장을 줬다”며 “안에는 외교부 장관이 조치할 간략한 몇 가지 지시 사항이 있었다”고 밝혔다. 반면 한덕수 국무총리는 ‘쪽지를 봤느냐’는 백 의원 질의에 “그때 상황이 굉장히 충격적인 상황이어서 전체적인 것들이,2025.01.22 21:17,https://biz.heraldcorp.com/article/10405171?sec=006,헤럴드경제
조태열-신임 EU 외교수장 첫 통화…“북러 군사협력 중단 공조”,https://wimg.heraldcorp.com/news/cms/2025/01/22/rcv.YNA.20250122.PYH2025012220430050400_T1.jpg?type=h&h=240,"전략적 동반자 관계 지속 의견 같이해 [헤럴드경제=신혜원 기자] 조태열 외교부 장관은 지난달 취임한 카야 칼라스 유럽연합(EU) 외교안보정책 고위대표와 22일 첫 통화를 하고 한- EU 관계와 북러 협력 및 한반도 정세, 국제정세 등을 논의했다. 외교부에 따르면 조 장관은 이날 오후 칼라스 고위대표와 통화하며 한-EU 전략적 동반자 관계를 계속 강화하자고 했고, 이에 칼라스 고위대표는 한국은 EU의 중요한 전략적 파트너라며 한국과 협력이 중요하다고 했다. 두 사람은 유럽과 인도·태평양 지역 안보가 밀접하게 연결된 상황에서 올해 15주년을 맞는 한-EU ‘전략적 동반자 관계’가 정무·경제·안보 등 여러 방면에서 심화하고 있다는 데 의견을 같이했다. 그러면서 제2차 한-EU 전략대화, 고위정치대화 등 양자 협의체 개최와 지난해 1차 전략대화 계기로 체결한 한-EU 안보방위파트너십 이행을 위해 계속 협의하기로 했다. 아울러 조 장관과 칼라스 고위대표는 러시아의 우크라이나 침략 전쟁을 지원",2025.01.22 20:38,https://biz.heraldcorp.com/article/10405155?sec=006,헤럴드경제
"국회, 내일 ‘서부지법 난입 사태’ 긴급 현안질문",https://wimg.heraldcorp.com/news/cms/2025/01/22/news-p.v1.20250122.b7994085610e421291dcd102440ffd16_T1.jpg?type=h&h=240,"[헤럴드경제=신혜원 기자] 국회는 23일 본회의를 열어 이른바 ‘서울서부지법 난입 사태’ 관련 긴급 현안질문을 진행한다고 22일 밝혔다. 더불어민주당은 전날 우원식 국회의장에게 지난 18∼19일 윤석열 대통령 구속영장 발부 과정에서 서울서부지법에서 벌어진 집단 난동 사태와 관련한 현안질의를 위해 본회의를 열어달라고 요청했다. 국민의힘은 이미 국회 법제사법위원회와 행정안전위원회 등 관련 상임위원회에서 현안질의가 진행됐다며 본회의 현안질문은 필요하지 않다고 주장해왔다. 다만 국민의힘은 우 의장이 본회의 개최를 결정한 만큼, 본회의 현안질문에도 참여할 예정이다. 이번 현안질문에는 최상목 대통령 권한대행 겸 기획재정부 장관과 김석우 법무부 장관 대행, 천대엽 법원행정처장 등을 상대로 출석이 요구된 상태다.",2025.01.22 20:30,https://biz.heraldcorp.com/article/10405152?sec=006,헤럴드경제
"홍장원 “尹 ‘싹 다 정리하라’ 지시, 간첩단 사건인 줄”",https://wimg.heraldcorp.com/news/cms/2025/01/22/rcv.YNA.20250122.PYH2025012208640001300_T1.jpg?type=h&h=240,"“‘체포 지시’ 원장 보고” 거듭 주장 조태용 “체포 지시 못 들어” 재차 반박 [헤럴드경제=신혜원 기자] 홍장원 전 국가정보원 1차장이 지난달 3일 비상계엄 선포 당시 윤석열 대통령의 “싹 다 정리하라”는 지시에 간첩단 사건인 줄 알았다가 여인형 전 국군방첩사령관과 통화한 뒤에야 정치인 체포지시라는 것을 깨달았다고 22일 밝혔다. 홍 전 차장은 이날 국회 ‘윤석열 정부의 비상계엄 선포를 통한 내란 혐의 진상규명 국정조사 특별위원회’의 1차 청문회에 출석해 계엄 선포 전후로 윤 대통령, 여 전 사령관과 나눈 통화 내용 등을 설명하며 이같이 말했다. 홍 전 차장은 계엄 당일 오후 8시 22분께 윤 대통령이 전화 통화로 ‘한두시간 후에 중요하게 전달할 사항이 있으니까 대기하라’고 말했고, 대기 중 비상계엄 소식을 TV를 통해 접했다고 주장했다. 그는 “국정원이 국가 핵심 정보기관인데 비상 상황이라는 부분에서 정보 판단이 이뤄지지 않은 상황에서 어떻게 비상계엄이 발효됐는가”라고 생각했다며",2025.01.22 20:26,https://biz.heraldcorp.com/article/10405150?sec=006,헤럴드경제
"주광덕 남양주시장 “시민 한 분, 한 분 열망 담아 산업생태계 대전환의 원년’으로 삼겠다”",https://wimg.heraldcorp.com/news/cms/2025/01/22/news-p.v1.20250122.262fd5ad20054fa183dc9145b20a2435_T1.jpg?type=h&h=240,"신년 기자회견에서 올해 추진할 핵심과제 소상히 설명 [헤럴드경제=박준환 기자]“100만 도시의 위상에 걸맞은 자족 기반 구축이라는 목표를 현실로 만들어가기 위해, 남양주시가 가진 잠재력과 슈퍼성장을 향한 시민 한 분, 한 분의 열망을 담아 2025년을, ‘남양주 新산업생태계 대전환의 원년’으로 삼겠다.” 주광덕 남양주시장이 22일 시청 여유당에서 신년 기자회견을 열고 2025년 중점사업 중 한가지로 ‘이패동 일원 도시개발사업’을 꼽으며 이같이 역설했다. 주 시장은 이어 ‘남양주 제1호 영업사원’이라는 사명을 가지고 ▷수도권 교통 허브도시, 남양주 ▷미래 첨단산업 도시, 남양주 ▷名品 도시, 남양주 ▷ 시민행복도시, 남양주 ▷문화와 힐링의 도시, 남양주를 만들어나기기 위한 올해 시책들을 소상히 설명했다. <신년 기자회견 전문> 안녕하십니까! 존경하고 사랑하는 74만 남양주 시민 여러분! 이 자리에 함께해주신 언론인 여러분! 남양주시장 주광덕입니다. 지난 한 해 동안 남양주시의 발전을",2025.01.22 19:26,https://biz.heraldcorp.com/article/10405137?sec=006,헤럴드경제
방기선 국조실장 “전통시장 관계자 힘되도록 최선 다할 것”,https://wimg.heraldcorp.com/news/cms/2025/01/22/rcv.YNA.20250122.PYH2025012217730001300_T1.jpg?type=h&h=240,"［헤럴드경제=배문숙 기자］방기선 국무조정실장(장관)은 설명절을 앞두고 22일 대전 동구 중앙시장을 찾아 “전통시장 관계자들에게 힘이 될 수 있도록 최선을 다하겠다”고 밝혔다. 방 장관은 이날 대전중앙시장을 방문, “ 정부는 물가 안정과 체감경기 개선을 위해 온누리상품권 사용 확대 및 개선 등을 골자로 한 ‘소상공인·자영업자 맞춤형 지원 강화방안’등을 추진하고 있다”며 이같이 말했다. 이날 방문은 설명절 장바구니 물가를 점검하고, 전통시장 상인들을 격려하기 위해 마련됐다. 대전중앙시장은 2300개 점포로 구성된 중부권 최대 전통시장으로 지역축제인 ‘동구야(夜)놀자, 대전 0시축제를 통해 방문객을 유치하고 있다. 방 장관은 박황순 상인회장으로부터 중앙시장 현황에 대한 설명을 듣고, 상인들의 애로사항을 청취했다. 이어 시장 내 다양한 점포를 둘러보며 설 성수품 판매 상황과 체감물가를 확인하고, 온누리상품권으로 과일, 고기 등 농축산물을 구매했다. 구매한 물건들은 아동양육시설인 세종시 연서",2025.01.22 19:00,https://biz.heraldcorp.com/article/10405126?sec=006,헤럴드경제
"한총리 “계엄 해제 국무회의, 완벽하게 이뤄졌다고 생각”",https://wimg.heraldcorp.com/news/cms/2025/01/22/rcv.YNA.20250122.PYH2025012216720001300_T1.jpg?type=h&h=240,"“4일 오전 2시30분께 정진석과 계엄 해제 건의” [헤럴드경제=신혜원 기자] 한덕수 국무총리는 22일 “계엄 해제 국무회의는 모든 절차나 자료의 준비, 개의나 폐회가 완벽하게 이뤄졌다고 생각한다”고 말했다. 한 총리는 이날 국회에서 열린 ‘윤석열 정부의 비상계엄 선포를 통한 내란 혐의 진상규명 국정조사 특별위원회’ 1차 청문회에 출석해 기본소득당 용혜인 의원의 관련 질의에 이같이 답했다. 한 총리는 지난해 12월 4일 오전 1시께 국회에서 비상계엄 해제안이 가결되고 약 1시간이 지난 오전 2시 10분께 정부서울청사에서 용산 대통령실로 출발했다고 설명했다. 한 총리는 이 시간 동안 대통령실 관계자와 통화한 적 있느냐는 용 의원의 질문에 “(정진석) 비서실장과 통화했다”며 “(정 실장이) 이런 사안(비상계엄 해제안)이 국회에서 해결(가결)됐으니 빨리 우리도 이것(계엄)을 종료시켜야 한다며 총리도 즉각 용산에 와서 대통령께 건의하자고 해서 바로 출발했다”고 말했다. 용 의원이 김용현 당",2025.01.22 18:34,https://biz.heraldcorp.com/article/10405120?sec=006,헤럴드경제
野 “이벤트 회사냐” “기쁨조냐”…김성훈 경호차장 집중 추궁,https://wimg.heraldcorp.com/news/cms/2025/01/22/rcv.YNA.20250122.PYH2025012217410001300_T1.jpg?type=h&h=240,"野 “간호장교·여경 동원 제보도” 金 “경호처 창설 기념행사 한 코너” [헤럴드경제=신혜원 기자] 22일 열린 국회 ‘윤석열 정부의 비상계엄 선포를 통한 내란 혐의 진상규명 국정조사 특별위원회’(국조특위) 청문회에서 야당은 김성훈 대통령경호처 차장을 상대로 경호처의 윤석열 대통령 생일잔치 의혹 등을 집중 추궁했다. 경호처장 직무대행인 김 차장은 당초 특위에 불출석 사유서를 제출했으나, 이날 다시 출석하겠다고 통보하고 청문회장에 나왔다. 윤건영 민주당 의원은 2023년 12월 18일 경호처가 직원들을 동원해 노래 가사 바꿔 부르기, 삼행시 짓기 등으로 윤 대통령 생일잔치를 했다고 지적했다. 이에 대해 김 차장은 “그날은 경호처 창설 60주년 기념행사였다”며 윤 대통령 생일 노래·삼행시 등은 “창설 기념행사의 한 코너였다”고 답했다. 그러면서 “창설 60주년 행사에 연예기획사 등 외부를 동원하기에는 예산이 안돼 내부 자체적으로 한 것으로 경호처 직원뿐 아니라 경호부대가 함께 했다”며 “",2025.01.22 18:09,https://biz.heraldcorp.com/article/10405103?sec=006,헤럴드경제
"前특전사령관 “‘의원 끌어내라’는 尹 지시, 분명한 사실”",https://wimg.heraldcorp.com/news/cms/2025/01/22/rcv.YNA.20250122.PYH2025012217420001300_T1.jpg?type=h&h=240,"尹, 전날 헌재서 “끌어내라 지시 안 해” 곽종근 “분명하게 사실이라고 말씀드려” [헤럴드경제=신혜원 기자] 곽종근 전 육군 특수전사령관은 윤석열 대통령의 ‘국회의원들을 끌어내라’는 지시를 받았다고 재확인하며 그런 지시를 한 적 없다는 윤 대통령 측 주장을 반박했다. 곽 전 사령관은 22일 ‘윤석열 정부의 비상계엄 선포를 통한 내란혐의 진상규명 국정조사 특별위원회’(국조특위)에 출석해 이 같은 입장을 밝혔다. 그는 한병도 더불어민주당 의원이 “(윤 대통령 측이) 곽종근한테 체포·구금을 지시하지 않았다고 어제 헌법재판소에서 이야기가 나왔다”고 말하자 “분명하게 제가 사실이라고 다시 한번 더 말씀드린다”고 답했다. 앞서 윤 대통령은 전날 헌재의 탄핵심판 변론에 직접 출석해 “이진우 수방사령관, 곽종근 특전사령관에게 계엄 선포 후 계엄 해제 결의를 위해 국회에 모인 국회의원들을 끌어내라고 지시한 적이 있느냐”는 질문에 “없다”고 답했다. 곽 전 사령관은 “(지난해) 12월 9일 검찰 조사",2025.01.22 17:41,https://biz.heraldcorp.com/article/10405083?sec=006,헤럴드경제
與 만난 이창용 “정치 생각 전혀 없다”…정경 분리 강조 [이런정치],https://wimg.heraldcorp.com/news/cms/2025/01/22/rcv.YNA.20250122.PYH2025012215880001300_T1.jpg?type=h&h=240,권성동·이창용 1시간여 비공개 면담 총리 후보군 李 목소리에 정치권 촉각 권 “발언 배경 진솔한 대화 나누고자” [헤럴드경제=김진 기자] 이창용 한국은행 총재가 22일 권성동 국민의힘 원내대표를 만나 “정치할 생각은 전혀 없다”며 ‘정치·경제 분리’ 필요성을 수 차례 강조한 것으로 전해졌다. 이 총재는 최근 15조~20조원 규모의 추가경정예산안(추경) 편성 필요성을 공개 제기한 것과 관련해서도 ‘추경 가시화’가 경제에 미칠 긍정적 영향을 고려한 취지라고 부연했다. 박수민 국민의힘 원내대변인은 이날 오후 권 원내대표와 이 총재의 비공개 면담이 종료된 직후 기자들을 만나 “총재가 이미 (추경에 대한) 언급을 주셨기 때문에 그 배경에 대해서 자세히 한번 들어봤다”라며 “총재께서는 ‘추경을 먼저하자’ 그런 것보다 추경에 대한 계획이 가시화 돼야 대외신인도에 좋다는 가시화 차원에서 얘기한 것”이라고 말했다. 또 “총재는 정치 생각 없다고 이미 말씀하셨지 않나. 그런 부분을 오늘도 언급해서 오,2025.01.22 17:33,https://biz.heraldcorp.com/article/10405077?sec=006,헤럴드경제
"트럼프 2기 실세는 ‘실리콘밸리 마피아’…머스크 따라 ‘A·B·C·D 투자’ 뜬다 [신동윤의 투자,지정학]",https://wimg.heraldcorp.com/news/cms/2025/01/20/news-p.v1.20250118.67269a29fa9e48f7bbc985800ff7f6d4_R.jpg,,,https://biz.heraldcorp.com/article/10401913,헤럴드경제
"영화 ‘하얼빈’과 ‘안중근 효과’, 그리고 이토 히로부미[서병기의 문화와 역사]",https://wimg.heraldcorp.com/news/cms/2025/01/15/news-p.v1.20250114.ca189c5d28c54c608428f422331369ab_R.jpg,,,https://biz.heraldcorp.com/article/10389701,헤럴드경제
과부제조기 vs 차세대 기술 선구자…벨 보잉 V-22 오스프리[오상현의 무기큐브],https://wimg.heraldcorp.com/news/cms/2025/01/16/news-p.v1.20250116.b943d05d01e9468980e1ac7eb03c526d_R.jpg,,,https://biz.heraldcorp.com/article/10393435,헤럴드경제
與 만난 이창용 “정치 생각 전혀 없다”…정경 분리 강조 [이런정치],,,,https://biz.heraldcorp.com/article/10405077,헤럴드경제
국민의힘 46.5%-민주 39.0%,,,,https://biz.heraldcorp.com/article/10402718,헤럴드경제
‘헌정사상 최초로 체포된 현직 대통령’[이상섭의 포토가게],,,,https://biz.heraldcorp.com/article/10390937,헤럴드경제
돌아온 ‘군바리’…“아이들 계엄군 손가락질 착잡”[신대원의 軍플릭스],,,,https://biz.heraldcorp.com/article/10388241,헤럴드경제
[단독] 尹 체포 직전 “이런 싸움도 필요한 거다. 내가 앞장서 싸우겠다” [세상&],https://wimg.heraldcorp.com/news/cms/2025/01/22/rcv.YNA.20250115.PYH2025011510600001300_R.jpg?type=h&h=640,,,https://biz.heraldcorp.com/article/10405117,헤럴드경제
"“연봉 1억이면 보너스가 7500만원”…SK하이닉스, 기본급 1500%를 성과급 지급",https://wimg.heraldcorp.com/news/cms/2025/01/22/news-p.v1.20250122.1284d7a9678d490c8f10ef7b0b3e3193_R.png?type=h&h=640,,,https://biz.heraldcorp.com/article/10405080,헤럴드경제
하염없이 흐르는 시간…공수처 尹 조사 또 허탕 [세상&],https://wimg.heraldcorp.com/news/cms/2025/01/22/news-p.v1.20250122.03bb34ee79634df1b38903722261f872_R.jpg?type=h&h=640,,,https://biz.heraldcorp.com/article/10404936,헤럴드경제
與 만난 이창용 “정치 생각 전혀 없다”…정경 분리 강조 [이런정치],https://wimg.heraldcorp.com/news/cms/2025/01/22/rcv.YNA.20250122.PYH2025012215880001300_R.jpg?type=h&h=640,,,https://biz.heraldcorp.com/article/10405077,헤럴드경제
"前특전사령관 “‘의원 끌어내라’는 尹 지시, 분명한 사실”",https://wimg.heraldcorp.com/news/cms/2025/01/22/rcv.YNA.20250122.PYH2025012217420001300_R.jpg?type=h&h=640,,,https://biz.heraldcorp.com/article/10405083,헤럴드경제
수제맥주 규제 풀면...가격이 싸진다? [세모금],https://wimg.heraldcorp.com/news/cms/2025/01/21/news-p.v1.20250121.9c98d7394e0e4abe98da6cc189edc3fc_T1.jpg?type=h&h=120,,,https://biz.heraldcorp.com/article/10403850,헤럴드경제
"트럼프, 취임식서 신규 관세 언급 없자 코스피 안도?···“업종 차별화 주시” [투자360]",https://wimg.heraldcorp.com/news/cms/2025/01/21/news-p.v1.20250121.ac3f6133dcf044babe70ef3a22be3476_T1.jpg?type=h&h=120,,,https://biz.heraldcorp.com/article/10403365,헤럴드경제
여행·PG사 46곳 “티메프 환불조정 수용 못 해”…피해 장기화 조짐,https://wimg.heraldcorp.com/news/cms/2025/01/20/rcv.YNA.20241219.PYH2024121906080001300_T1.jpg?type=h&h=120,,,https://biz.heraldcorp.com/article/10402357,헤럴드경제
Time to Ban Chatbot Companions and AI Profiles on Social Media [Frank Pasquale],https://wimg.heraldcorp.com/news/cms/2025/01/21/news-p.v1.20250120.83456fa8d32749829928c517a819f6a4_T1.png?type=h&h=120,,,https://biz.heraldcorp.com/article/10402623,헤럴드경제
"더 커진 아기 울음소리…11월 출생아수, 14년 만에 최대폭 증가",https://wimg.heraldcorp.com/news/cms/2025/01/22/rcv.YNA.20250109.PYH2025010909910001300_T1.jpg?type=h&h=120,,,https://biz.heraldcorp.com/article/10404712,헤럴드경제
"‘억대’ 유튜버, 슈퍼챗도 세금내야...비상 계엄 이후 수입 급증",https://wimg.heraldcorp.com/news/cms/2025/01/21/news-p.v1.20250121.0d7f4b3703924e37a99f3d41934d09d7_T1.jpg?type=h&h=120,,,https://biz.heraldcorp.com/article/10403343,헤럴드경제
최 대행 “불법·폭력 사태 강한 유감…주요 국가기관에 경찰기동대 24시간 상시 배치”,https://wimg.heraldcorp.com/news/cms/2025/01/22/rcv.YNA.20250122.PYH2025012205680001300_T1.jpg?type=h&h=120,,,https://biz.heraldcorp.com/article/10404543,헤럴드경제
"“崔대행, 내란특검법 재의요구권 행사 고심 중”",https://wimg.heraldcorp.com/news/cms/2025/01/20/rcv.YNA.20250120.PYH2025012007210001300_T1.jpg?type=h&h=120,,,https://biz.heraldcorp.com/article/10402767,헤럴드경제
"“연회비만 무려 200만원” 초고가 카드 누가, 왜 쓸까 [세모금]",https://wimg.heraldcorp.com/news/cms/2025/01/21/news-p.v1.20250121.48ca55cc4cf24f81a864e2c668b4c95c_T1.png?type=h&h=120,,,https://biz.heraldcorp.com/article/10404026,헤럴드경제
"기재부 신성장추진단, 바이오 빅데이터 논의…유전체 분석기업 방문",https://wimg.heraldcorp.com/news/cms/2025/01/22/news-p.v1.20250122.f0dffad008a34056b5471c1c685cfe14_T1.jpg?type=h&h=240,"“100만명 바이오 빅데이터 구축·활용” ［헤럴드경제=배문숙 기자］기획재정부 신성장전략기획추진단(단장 신상훈)은 22일 글로벌 유전체 분석 기업인 마크로젠의 지놈센터를 찾아 바이오 빅데이터 활용을 논의하는 ‘신성장 4.0 민관협의체’ 간담회를 했다고 밝혔다. 간담회에서는 바이오 빅데이터를 기반으로 하는 데이터 생태계 가치사슬을 중심으로 글로벌 경쟁력 확보 방법에 관한 전문가 발제와 업계 애로사항을 듣고, 민관 협력 또는 정부 지원 방향을 심도 있게 논의했다. 이번 간담회는 ‘국가 통합 바이오 빅데이터 구축 사업’이 본격 착수된 데 따라 신성장 동력으로서 바이오 빅데이터의 발전 방향을 모색하기 위해 마련됐다. ‘국가 통합 바이오 빅데이터 구축 사업’은 국민의 자발적인 참여와 동의에 기반해 임상 정보·공공데이터·유전체 데이터 등 의료데이터를 개인 중심으로 통합·관리하는 사업이다. 2032년까지 2단계 사업 추진으로 총 100만명의 바이오 빅데이터가 구축된다. 신상훈 추진단장은 “100만",2025.01.22 19:10,https://biz.heraldcorp.com/article/10405134?sec=002,헤럴드경제
방기선 국조실장 “전통시장 관계자 힘되도록 최선 다할 것”,https://wimg.heraldcorp.com/news/cms/2025/01/22/rcv.YNA.20250122.PYH2025012217730001300_T1.jpg?type=h&h=240,"［헤럴드경제=배문숙 기자］방기선 국무조정실장(장관)은 설명절을 앞두고 22일 대전 동구 중앙시장을 찾아 “전통시장 관계자들에게 힘이 될 수 있도록 최선을 다하겠다”고 밝혔다. 방 장관은 이날 대전중앙시장을 방문, “ 정부는 물가 안정과 체감경기 개선을 위해 온누리상품권 사용 확대 및 개선 등을 골자로 한 ‘소상공인·자영업자 맞춤형 지원 강화방안’등을 추진하고 있다”며 이같이 말했다. 이날 방문은 설명절 장바구니 물가를 점검하고, 전통시장 상인들을 격려하기 위해 마련됐다. 대전중앙시장은 2300개 점포로 구성된 중부권 최대 전통시장으로 지역축제인 ‘동구야(夜)놀자, 대전 0시축제를 통해 방문객을 유치하고 있다. 방 장관은 박황순 상인회장으로부터 중앙시장 현황에 대한 설명을 듣고, 상인들의 애로사항을 청취했다. 이어 시장 내 다양한 점포를 둘러보며 설 성수품 판매 상황과 체감물가를 확인하고, 온누리상품권으로 과일, 고기 등 농축산물을 구매했다. 구매한 물건들은 아동양육시설인 세종시 연서",2025.01.22 19:00,https://biz.heraldcorp.com/article/10405126?sec=002,헤럴드경제
쌍방울 품은 네이처리퍼블릭…정운호 대표 “무리한 인수 아냐”,https://wimg.heraldcorp.com/news/cms/2025/01/22/news-p.v1.20241203.281dd5de0fa0435d88328e9bf13f9691_T1.jpg?type=h&h=240,"“인수 과정서 터무니없는 말들 나와” [헤럴드경제=신혜원 기자] 화장품 로드숍 브랜드 네이처리퍼블릭이 쌍방울을 인수했다. 22일 업계에 따르면 네이처리퍼블릭은 지난 20일 쌍방울의 최대 주주가 기존 광림에서 자회사 세계프라임개발로 변경된다고 공시했다. 세계프라임개발은 광림이 보유한 쌍방울 주식 63만2297주를 70억원에 양수해 지분 12.04%를 확보했다. 세계프라임개발은 정운호 대표가 지분을 40% 보유한 부동산 임대 회사로 네이처리퍼블릭의 계열사로 분류된다. 일각에선 세계프라임개발의 현금성 자산이 2023년 말 기준 8억7000만원에 불과했던 점, 최대주주 변경 계약 직전 네이처리퍼블릭이 70억원 규모의 전환사채(CB)를 발행해 세계프라임개발에 차입금을 상환한 점 등을 들어 이번 인수가 무리하게 진행된 것 아니냐는 지적이 나왔다. 특히 CB 발행 대상자인 비비원조합은 KH그룹 산하 투자조합으로 알려져 있다. 정운호 네이처리퍼블릭 대표는 이와 관련 “추측성 보도를 자제해 달라”는",2025.01.22 17:50,https://biz.heraldcorp.com/article/10405090?sec=002,헤럴드경제
ABC마트 “작년 판매량 증가 1위는 아디다스 ‘삼바’”,https://wimg.heraldcorp.com/news/cms/2025/01/22/news-p.v1.20250122.1fe45098c93548fca7a3d44e27783f27_T1.jpg?type=h&h=240,"ABC마트, 2024년 ‘베스트 슈즈’ 발표 러닝 열풍에 러닝화 시장 성장 두드러져 [헤럴드경제=강승연 기자] ABC마트는 지난해 판매가 가장 많이 늘어난 운동화는 아디다스 오리지널스의 ‘삼바 오리지널’이었다고 22일 밝혔다. ABC마트가 발표한 2024년 카테고리별 ‘베스트 슈즈’에 따르면, 아디다스 삼바 오리지널은 2023년 대비 매출이 약 600% 급증하며 운동화 카테고리에서 매출 신장률 1위를 차지했다. 지난해 전체 판매량에서도 톱3에 올랐다. 삼바 오리지널이 ABC마트 베스트 슈즈 순위에 랭크된 것은 이번이 처음이다. 운동화 카테고리 1위와 2위는 컨버스의 ‘척테일러 올스타 코어’와 나이키의 ‘에어 포스1’이었다. 특히 컨버스 척테일러 올스타 코어는 지난해 판매량이 전 카테고리를 통틀어 가장 많았다. ABC마트는 “급변하는 패션 트렌드 속에서 어떤 스타일에나 잘 어울리는 베이직 아이템이 폭발적인 인기를 끌었다”고 설명했다. 러닝화 카테고리에서는 ‘뉴발란스 408’이 1위에",2025.01.22 17:49,https://biz.heraldcorp.com/article/10405088?sec=002,헤럴드경제
"섬유업계, 트럼프 2기 대응전략 모색 위해 머리 맞댄다",https://wimg.heraldcorp.com/news/cms/2025/01/22/news-p.v1.20250122.4f287dac522243aa88eeaf4bfb5e0fe4_T1.jpg?type=h&h=240,"2월 3~7일 ‘트럼프 2기 대응’ 주간행사 글로벌 통상환경 변화 따른 대응방안 모색 [헤럴드경제=강승연 기자] 한국섬유산업연합회는 다음 달 3일부터 7일까지 5일간 섬유센터 2층 Tex+Fa 라운지에서 ‘트럼프 2기 대응, 섬유패션 리셋(Reset) 주간 행사’를 개최한다. 이번 행사는 트럼프 2기 출범에 따른 글로벌 통상환경 변화가 우리 산업에 미칠 영향을 진단하고, 각계 전문가들의 견해를 통해 섬유패션업계의 전략적 대응 방안과 미래 지향적 방향성을 모색하기 위해 마련됐다. 행사는 수출 전략, 기업지원 정책, 현장 방문, 통상 이슈 대응, 글로벌 진출 전략, AI(인공지능)와 미래 등 총 6가지 테마로 구성됐다. 각 분야의 전문가 10여명이 참여해 심도 있는 논의와 정보를 제공한다. 장상식 무역협회 국제무역통상연구원장은 ‘트럼프 2.0 시대의 변화와 대응’을 주제로 수출 전략 세미나를 연다. 강경성 대한무역투자진흥공사(KOTRA) 사장은 ‘국제 통상 환경변화와 글로벌 진출전략’을",2025.01.22 17:49,https://biz.heraldcorp.com/article/10405087?sec=002,헤럴드경제
"“연봉 1억이면 보너스가 7500만원”…SK하이닉스, 기본급 1500%를 성과급 지급",https://wimg.heraldcorp.com/news/cms/2025/01/22/news-p.v1.20250122.1284d7a9678d490c8f10ef7b0b3e3193_T1.png?type=h&h=240,PS 1000%·특별성과급 500% 24일 지급키로…연봉 1억이면 7500만원 보너스 HBM 경쟁력 기반 사상 최대 실적 격려…하반기 PI 150%도 내일 지급 [헤럴드경제=서경원 기자] 지난해 사상 최대 실적 달성을 앞둔 SK하이닉스가 구성원에게 역대 최대 수준인 기본급 1500%의 성과급을 지급하기로 했다. 연봉이 1억원이라면 7500만원을 성과급으로 받게 되는 셈이다. 22일 업계에 따르면 SK하이닉스는 이날 사내 게시판에 초과이익분배금(PS) 1000%와 특별성과급 500% 등 총 1500%의 성과급을 지급하기로 결정했다고 공지했다. PS는 연간 실적에 따라 매년 1회 연봉의 최대 50%(기본급의 1000%)까지 지급하는 인센티브다. SK하이닉스는 2021년부터 전년 영업이익의 10%를 재원으로 삼아 개인별 성과 등을 연계해 PS를 지급해왔다. SK하이닉스는 2018년 대비 구성원 증가에 따른 인당 영업이익의 감소 요인에도 지난해 역대 최대 실적 달성에 대한 구성원의 노고와,2025.01.22 17:40,https://biz.heraldcorp.com/article/10405080?sec=002,헤럴드경제
車손해율 3년 만에 적자 전환에도…손보사 보험료 인하 감당,https://wimg.heraldcorp.com/news/cms/2025/01/22/rcv.YNA.20250108.PYH2025010802780005500_T1.jpg?type=h&h=240,"“손해율 악화에도 상생금융 동참 차원” 자동차보험료 인하로 영업손익 악화할 듯 [헤럴드경제=서지연 기자] 지난해 자동차보험 손해율이 급등하며 국내 주요 손해보험사의 자동차보험 부문 영업이익이 3년 만에 적자로 돌아섰다. 손보업계는 이 같은 실적 악화에도 금융당국의 상생금융 강조로 자동차 보험료 인하에 돌입했다. 22일 손해보험업계에 따르면 시장점유율 85%를 차지하는 4대 손해보험사의 지난 한 해 누적손해율은 삼성화재 83.2%, 현대해상 84.7%, KB손해보험 83.7%, DB손해보험 81.7% 등으로 평균 83.3%로 집계됐다. 지난해 같은 기간(79.8%)과 비교해 3.5%포인트 악화한 수치다. 지난 11~12월 손해율이 한파·폭설로 인해 크게 증가한 데서 기인했다. 12월 손해율을 회사별로 보면 삼성화재 94.1%, 현대해상 97.6%, KB손보 92.5%, DB손보 87.8% 등으로 나타났다. 4개사의 평균 손해율은 93.0%다. 전년 동월(85.6%)과 비교 시 7.4%",2025.01.22 17:04,https://biz.heraldcorp.com/article/10405031?sec=002,헤럴드경제
"공정위, 창립 44년 만에 첫 여성 대변인…정희은 국장 임명",https://wimg.heraldcorp.com/news/cms/2025/01/22/rcv.YNA.20241114.PYH2024111415570001300_T1.jpg?type=h&h=240,"[헤럴드경제=양영경 기자] 공정거래위원회는 새 대변인으로 정희은 기업거래결합심사국장을 임명했다고 22일 밝혔다. 여성 대변인은 공정위가 창립된 1981년 이후 44년 만에 처음이다. 정 신임 대변인은 1996년 고려대 영문과를 졸업하고 1998년 행정고시 42회에 합격했다. 공정위에서는 카르텔조사과장, 중국 주재관, 경쟁심판담당관, 경쟁정책과장 등을 거쳤다. 정 신임 대변인은 지난해 기업거래결합심사국장으로 승진해 메가스터디교육의 에스티유니타스 인수건(불허), HD한국조선해양의 STX중공업 인수건(조건부 승인), 카카오의 SM엔터테인먼트 인수건(조건부 승인) 등을 담당했다. 공정위는 이날 김문식 대변인을 시장감시국장으로, 김근성 시장감시국장을 심판관리관으로 각각 임명했다.",2025.01.22 16:31,https://biz.heraldcorp.com/article/10404994?sec=002,헤럴드경제
"화성시, 공동주택관리 지원센터 맞춤형 교육 운영",https://wimg.heraldcorp.com/news/cms/2025/01/22/news-p.v1.20250122.a2789f43a57b4ad6a794db49b3f5d869_T1.jpg?type=h&h=240,"[헤럴드경제(화성)=박정규 기자]화성특례시(시장 정명근)가 갈등·분쟁이 없는 공동체 주거문화 조성을 위한 2025년 화성시 공동주택관리 지원센터(이하 센터) 맞춤형 교육을 운영한다고 22일 밝혔다. 공동주택관리 지원센터는 지난해 주로 공동주택관리 관리 실태 점검 위주로 센터를 운영했던 점을 개선해, 올해부터는 센터 담당자가 아파트 현장에 방문해 공동주택 특성에 맞는 정보를 제공하는 ‘공동체 스쿨 교육’과 ‘입주단지 사전교육’을 운영한다. 공동체 스쿨 교육은 사전에 신청한 관내 의무관리대상 공동주택 현장을 방문해 실시하며, 단지 현안과 관련된 질의·답변 및 필요한 정보 전달 등 공동주택관리 전반에 대한 문답식 대면 교육으로 진행된다. 교육 신청은 1개 단지 또는 그룹별로 신청할 수 있으며, 공동주택관리 지원센터로 서면 신청하면 된다. 입주단지 사전교육은 입주 후 입주자대표회의를 구성 중이거나 입주자대표회의가 최초로 구성된 단지 중에서 센터가 자체적으로 선정해 실시하며, ▷공동주택 관리",2025.01.22 16:20,https://biz.heraldcorp.com/article/10404977?sec=002,헤럴드경제
"삼성물산 패션부문, 지난해 4분기 영업이익 6.5%↓",https://wimg.heraldcorp.com/news/cms/2025/01/22/news-p.v1.20250122.2258546aa53d489a8de493a6df649341_T1.png?type=h&h=240,"매출 5410억원·영업이익 430억원 [헤럴드경제=전새날 기자] 삼성물산 패션부문은 지난해 4분기 매출이 전년 동기 대비 0.7% 감소한 5410억원이라고 22일 공시했다. 같은 기간 영업이익은 전년 동기 대비 6.5% 감소한 430억원을 기록했다. 지난해 연간 기준으로는 매출 2조40억원과 영업이익 1700억원을 기록했다. 각각 전년 대비 18.7%, 12.4% 줄어든 값이다. 삼성물산 패션부문은 “소비심리 하락과 기후의 영향으로 매출과 영업이익이 소폭 감소했다”고 말했다.",2025.01.22 16:15,https://biz.heraldcorp.com/article/10404969?sec=002,헤럴드경제
"트럼프 2기 실세는 ‘실리콘밸리 마피아’…머스크 따라 ‘A·B·C·D 투자’ 뜬다 [신동윤의 투자,지정학]",https://wimg.heraldcorp.com/news/cms/2025/01/20/news-p.v1.20250118.67269a29fa9e48f7bbc985800ff7f6d4_R.jpg,,,https://biz.heraldcorp.com/article/10401913,헤럴드경제
"영화 ‘하얼빈’과 ‘안중근 효과’, 그리고 이토 히로부미[서병기의 문화와 역사]",https://wimg.heraldcorp.com/news/cms/2025/01/15/news-p.v1.20250114.ca189c5d28c54c608428f422331369ab_R.jpg,,,https://biz.heraldcorp.com/article/10389701,헤럴드경제
과부제조기 vs 차세대 기술 선구자…벨 보잉 V-22 오스프리[오상현의 무기큐브],https://wimg.heraldcorp.com/news/cms/2025/01/16/news-p.v1.20250116.b943d05d01e9468980e1ac7eb03c526d_R.jpg,,,https://biz.heraldcorp.com/article/10393435,헤럴드경제
‘보수 1위’ 김문수 장관의 부쩍 바빠진 행보...고용부는 씁쓸[세종백블],,,,https://biz.heraldcorp.com/article/10402533,헤럴드경제
“주식·코인하지 누가 적금 드냐고?” 역대급 추락 겪으면 생각 달라집니다 [머니뭐니],,,,https://biz.heraldcorp.com/article/10401778,헤럴드경제
하이브-JYP의 너무 다른 ‘영업권’이 말해주는 ‘하나가 된다는 것의 어려움’ [투자뉴스 뒤풀이],,,,https://biz.heraldcorp.com/article/10401459,헤럴드경제
[단독] 尹 체포 직전 “이런 싸움도 필요한 거다. 내가 앞장서 싸우겠다” [세상&],https://wimg.heraldcorp.com/news/cms/2025/01/22/rcv.YNA.20250115.PYH2025011510600001300_R.jpg?type=h&h=640,,,https://biz.heraldcorp.com/article/10405117,헤럴드경제
"“연봉 1억이면 보너스가 7500만원”…SK하이닉스, 기본급 1500%를 성과급 지급",https://wimg.heraldcorp.com/news/cms/2025/01/22/news-p.v1.20250122.1284d7a9678d490c8f10ef7b0b3e3193_R.png?type=h&h=640,,,https://biz.heraldcorp.com/article/10405080,헤럴드경제
하염없이 흐르는 시간…공수처 尹 조사 또 허탕 [세상&],https://wimg.heraldcorp.com/news/cms/2025/01/22/news-p.v1.20250122.03bb34ee79634df1b38903722261f872_R.jpg?type=h&h=640,,,https://biz.heraldcorp.com/article/10404936,헤럴드경제
與 만난 이창용 “정치 생각 전혀 없다”…정경 분리 강조 [이런정치],https://wimg.heraldcorp.com/news/cms/2025/01/22/rcv.YNA.20250122.PYH2025012215880001300_R.jpg?type=h&h=640,,,https://biz.heraldcorp.com/article/10405077,헤럴드경제
"前특전사령관 “‘의원 끌어내라’는 尹 지시, 분명한 사실”",https://wimg.heraldcorp.com/news/cms/2025/01/22/rcv.YNA.20250122.PYH2025012217420001300_R.jpg?type=h&h=640,,,https://biz.heraldcorp.com/article/10405083,헤럴드경제
"배우 전병옥·한진주 부부, 억대 사기 당해…“23년째 낚시터 생활”",https://wimg.heraldcorp.com/news/cms/2024/12/27/news-p.v1.20241227.b665f7e7561547e9a5c21b6a16b451b4_T1.jpg?type=h&h=240,,,https://biz.heraldcorp.com/article/10031988,헤럴드경제
"‘쿨’ 김성수, 수십억 사기 피해 고백…“유재석 말 들을 걸”",https://wimg.heraldcorp.com/news/cms/2025/01/15/news-p.v1.20250115.911fbb3e83934b9d99503e094f37546a_T1.png?type=h&h=240,,,https://biz.heraldcorp.com/article/10390627,헤럴드경제
"“내 새끼 먹고 싶다면” ...최동석,아이들 챙기는 일상 ‘행복’",https://wimg.heraldcorp.com/news/cms/2025/01/20/news-p.v1.20250120.28acea04033a4d068e1d01539e00bfef_T1.png?type=h&h=240,,,https://biz.heraldcorp.com/article/10402602,헤럴드경제
"전종서, 근황 사진 올렸다 삭제…국가애도기간 셀카 논란",https://wimg.heraldcorp.com/news/cms/2024/12/30/news-p.v1.20241230.881067e5a2ba4e7c875b086947009316_T1.jpg?type=h&h=120,,,https://biz.heraldcorp.com/article/10230623,헤럴드경제
‘이혼소송’ 박지윤·최동석 부부…‘무안 참사’ 희생자 위해 기부,https://wimg.heraldcorp.com/news/cms/2025/01/02/news-p.v1.20250102.5885126d3dab4cde9593cef9f7b4337f_T1.jpg?type=h&h=120,,,https://biz.heraldcorp.com/article/10380953,헤럴드경제
황재균 “전쟁을 준비해”…지연과 이혼 후 첫 SNS,https://wimg.heraldcorp.com/news/cms/2025/01/09/news-p.v1.20250109.77b9b00041ba44b4bc0e065a38601973_T1.jpg?type=h&h=120,,,https://biz.heraldcorp.com/article/10386615,헤럴드경제
"‘다리 부상’ 서현, 지팡이 짚고 KBS 연기대상 MC 진행",https://wimg.heraldcorp.com/news/cms/2025/01/01/news-p.v1.20250101.aac0840a82b6400886b14a5102ce3adc_T1.jpg?type=h&h=120,,,https://biz.heraldcorp.com/article/10380872,헤럴드경제
"전현무, ‘20세 연하’ 아나운서와 핑크빛 분위기",https://wimg.heraldcorp.com/news/cms/2025/01/19/news-p.v1.20250119.f2d9a57ea8ef4c9d932e0eb12413ecaf_T1.jpg?type=h&h=120,,,https://biz.heraldcorp.com/article/10402035,헤럴드경제
이경규“11년전 심근경색으로 돌연사 할 뻔”,https://wimg.heraldcorp.com/news/cms/2024/12/28/news-p.v1.20241228.211bf342a40a45588c8e7a1064bdea50_T1.jpg?type=h&h=120,,,https://biz.heraldcorp.com/article/10032682,헤럴드경제
"손담비, 아름다운 D라인 “벌써 27주”",https://wimg.heraldcorp.com/news/cms/2025/01/22/news-p.v1.20250122.affafa2378d74be4bfe19bfca7f171e0_T1.jpg?type=h&h=240,"[헤럴드경제=이명수 기자] 가수 겸 탤런트 손담비(42)가 근황을 밝혔다. 손담비는 22일 자신의 소셜미디어에 “벌써 27주, 따봉아 2달 반 남았다”고 적었다. “쓰담이들 많은 댓글들 남겨줘서 고맙다. 2주 뒤 운동 콘텐츠 기대해 줘”라고 덧붙이며 여러 장의 사진을 올렸다. 사진 속 손담비는 운동 중인 모습이다. 임신 중인 손담비는 여전히 아름다운 미모를 자랑했다. D라인이 눈에 띄게 튀어나와 이목을 끌었다. 한편 손담비는 전(前) 스피드스케이팅 선수 이규혁(47)과 2022년 결혼했다. 소속사 블리츠웨이 스튜디오는 지난해 9월 “시험관 2차 시술 끝에 손담비가 임신했다”고 밝혔다. 오는 4월 출산할 예정이다. 손담비는 2007년 ‘크라이 아이’로 데뷔했다. ‘미쳤어’ ‘토요일밤에’ 등의 히트곡을 냈다. 2009년 연기자로 전향했다. 드라마 ‘드림’(2009) ‘빛과 그림자’(2011~2012) ‘가족끼리 왜이래’(2014~2015) ‘미세스캅2’(2016) ‘동백꽃 필 무렵’(2",2025.01.22 20:57,https://biz.heraldcorp.com/article/10405160?sec=012,헤럴드경제
"박수홍, ‘생후 70일’ 딸 옷쇼핑 삼매경…카도 한도 초과",https://wimg.heraldcorp.com/news/cms/2025/01/22/news-p.v1.20250122.d77def6852f940e3809a793b0d31189c_T1.png?type=h&h=240,"[헤럴드경제=이명수 기자] 방송인 박수홍이 딸 재이의 옷 쇼핑에 빠져 ‘남대문 큰손’으로 등극한다. 22일 오후 8시30분 방송되는 KBS 2TV 육아 예능물 ‘슈퍼맨이 돌아왔다’는 ‘나에게 와줘서 고마워’ 편으로 꾸며진다. 박수홍이 아내 김다예와 함께 결혼기념일 3주년을 맞아 남대문 시장 데이트에 나선다. 그러나 박수홍은 어느새 결혼기념일을 잊은 채 딸 재이의 선물 쇼핑에 여념이 없어 웃음을 자아낸다. 박수홍은 남대문 시장의 아동복 거리에 입성해 조그맣고 러블리한 아기 옷들의 향연에 눈을 떼지 못한다. 첫 매장에 들어가자마자, 순식간에 딸 재이를 위한 옷을 무려 네 벌이나 구매하는가 하면 들어가는 매장마다 재이 옷 쇼핑에 나선다. 박수홍은 100일 기념 공주 드레스는 물론 앞으로 성장할 재이를 생각해 다양한 사이즈의 옷들을 구비하며 쇼핑 삼매경에 빠져 금세 남대문 큰손이 됐다는 후문이다. 박수홍은 “재이를 ‘슈돌’의 패셔니스타로 키울 거야”라고 자신하며 늦깎이 아빠의 야무진 포부를",2025.01.22 20:30,https://biz.heraldcorp.com/article/10405151?sec=012,헤럴드경제
"‘오형제맘’ 정주리, 다섯째 아들 품에 안고 “너무 좋아”",https://wimg.heraldcorp.com/news/cms/2025/01/22/news-p.v1.20250122.84f4579f6ea641c6b2a38e64c1499503_T1.jpg?type=h&h=240,"[헤럴드경제=이명수 기자] 개그우먼 정주리가 다섯째 출산 후 근황을 공개했다. 정주리는 22일 소셜미디어에 “너무 좋아”라고 적고 다섯째 아들과 찍은 사진을 올렸다. 정주리는 출산 후유증 탓인지 얼굴이 다소 부었다. 갓 태어난 아들은 엄마 품에서 곤히 잠든 모습이다. 팬들은 “몸조리 잘하세요” “막내 아들 너무 귀엽다”라고 응원했다. 정주리는 2005년 SBS 8기 공채 코미디언으로 데뷔했다. ‘웃찾사’ ‘무한걸스’ 등으로 이름을 알렸다. 2015년 1세 연하의 건설업 종사자와 결혼했으며, 그해 첫째 아들을 얻었다. 2017년 둘째 아들, 2019년 셋째 아들, 2022년 넷째 아들을 낳았다. 지난해 12월29일 다섯째 아들을 출산했다.",2025.01.22 18:05,https://biz.heraldcorp.com/article/10405100?sec=012,헤럴드경제
"이승환, 구미콘서트 취소 손배소 돌입…22일 소장 접수",https://wimg.heraldcorp.com/news/cms/2025/01/21/news-p.v1.20250121.de0635c6920148dda82c6754c17bfcac_T1.jpg?type=h&h=240,"[헤럴드경제=이명수 기자] 가수 이승환이 구미 콘서트 취소와 관련 구미시를 상대로 한 손해배상소송에 본격적으로 돌입한다. 이승환은 21일 자신의 소셜 미디어에 “이승환 35주년 콘서트 ‘헤븐(HEAVEN)’의 2024. 12. 25. 공연이 예정돼 있던 구미시문화예술회관의 사용허가를 부당하게 취소한 구미시장 김장호와 구미시에 대한 손해배상소송 소장을 2025. 1. 22. 서울중앙지방법원에 접수할 예정”이라고 예고했다. 소장 접수 당일 오전 11시 서울 서초구 서울중앙지법에서 소송 원고들의 대리인 법무법인 해마루 임재성 변호사가 언론브리핑도 진행한다. 이승환은 구미 공연 예매자 100명에 한정해 이번 소송 위임계약도 체결했다. 청구액은 이승환의 경우 1억 원, 공연예매자의 경우 1인당 50만 원이다. 여기에 드림팩토리의 경제적 손해액을 더했다. 이승환은 앞서 “승소한다면 전액을 구미시에 있는 우리꿈빛청소년오케스트라에 전액 기부할 예정”이라고 약속했다. 앞서 구미시는 지난달 25일 예",2025.01.21 16:43,https://biz.heraldcorp.com/article/10403991?sec=012,헤럴드경제
(여자)아이들 민니 “데뷔 7년 만의 첫 솔로 앨범…다음 꿈은 빌보드 1위”,https://wimg.heraldcorp.com/news/cms/2025/01/21/news-p.v1.20250121.eedfcd103f7c4f67a22fe229804447e9_T1.jpg?type=h&h=240,"[헤럴드경제=최원혁 기자] 걸그룹 (여자)아이들의 멤버 민니가 첫 번째 미니앨범 ‘허(HER)’를 내고 솔로 가수로 데뷔했다. 앨범 발매를 하루 앞둔 지난 20일 서울 성동구 소속사 큐브엔터테인먼트 사옥에서 만난 민니는 “‘허’는 제삼자의 입장에서 내 모습을 바라보며 쓴 이야기”라며 자신을 하나의 ‘작품’ 혹은 ‘뮤즈’에 비유했다. 그는 “내가 겪은 경험이나 하고 싶은 이야기를 담은 앨범”이라며 “옛날이야기 혹은 최근 이야기 등 나만의 다이어리같이 (곡을) 써 봤다”고 설명했다. 앨범 사진과 콘셉트 하나하나에 세심하게 직접 관여했다는 민니가 고른 앨범의 메인 컬러는 분홍과 빨강이었다. 민니는 “레드(빨강)는 많은 분이 봐 온 시크하고 강렬한 민니라면 핑크(분홍)는 여리여리하고 러블리한 내 안에 있는 민니”라며 “이를 표현하고자 앨범 사양도 LP, 핑크, 레드로 냈다”고 소개했다. 타이틀곡 ‘허’는 민니가 자신의 여러 모습을 솔직하게 담아내려 한 곡으로, 단순한 진행과 펑키한 톱라인(",2025.01.21 15:35,https://biz.heraldcorp.com/article/10403917?sec=012,헤럴드경제
"‘리쌍’ 길, 내일 수술대 오른다…무슨 병?",https://wimg.heraldcorp.com/news/cms/2025/01/21/news-p.v1.20250121.1edf249cc9004b10aa84dc3302a282ce_T1.jpg?type=h&h=240,"[헤럴드경제=이명수 기자] 힙합듀오 ‘리쌍’ 출신 길(길성준)이 수술대에 오른 근황을 알려 눈길을 끌었다. 21일 길은 자신의 인스타그램에 “최신유행 루즈핏. #병원 #수술 #별거아냐 #떨려 #기도”라는 글과 함께 여러 장의 사진을 올렸다. 공개된 사진 속 길은 병원에서 병원복을 입고 거울 셀카를 찍었다. 길은 “가보자고” “1/22 기다려”라며 곧 수술하게 될 소식을 전했다. 현재 길이 어떤 수술을 받는지에 대해서는 알려지지 않았다. 한편 길은 1997년 그룹 ‘엑스틴’ 객원 멤버로 데뷔했다. 1999년 힙합 그룹 ‘허니 패밀리’를 거쳐 2002년부터 래퍼 개리와 그룹 ‘리쌍’으로 활동했다. 이후 KBS 2TV ‘해피선데이’, ‘위기탈출 넘버원’, MBC TV ‘무한도전’ 등 예능 프로그램에서 활약했다. 2014년 적발된 음주 운전으로 모든 프로그램에서 하차했다. 2016년 엠넷 ‘쇼미더머니5’에 심사위원으로 출연, 방송 활동을 재개했으나 2017년 다시 음주운전 단속에 적발됐다.",2025.01.21 15:33,https://biz.heraldcorp.com/article/10403912?sec=012,헤럴드경제
"신동엽, 30대때 사업 실패 언급 “귀신에 씌었다”",https://wimg.heraldcorp.com/news/cms/2025/01/21/news-p.v1.20250121.9bd6d00454114070b0bad9f84344e086_T1.jpeg?type=h&h=240,"[헤럴드경제=이명수 기자] MC 겸 개그맨 신동엽이 과거 사업 실패 경험을 간접 언급했다. 지난 20일 유튜브 채널 ‘짠한형 신동엽’에 공개된 영상에서는 MC 신동엽 정호철이 영화 ‘히트맨2’의 권상우 황우슬혜 이이경과 만나 대화를 나눴다. 이날 신동엽은 권상우가 자신이 연예계의 중심에서 밀려난다는 느낌을 받는다고 말하자 그가 딴 길로 새지 않았으면 하는 마음에 자신의 경험담을 바탕으로 한 조언을 내놨다. 신동엽은 “사업할 때 그래프로 따져보니까 내가 쓰는 돈은 늘 일정하고, 나는 내가 먹고 싶은 거 마시고 싶은 거 하고 싶은 거 그냥 하되 그 버는 숫자만 달라지는 거다”라며 “그때 깨달은 게 ‘이 숫자는 참 의미가 없구나’를 느꼈다. 또 ‘나는 일을 할 때 내가 행복해하는구나’라는 걸 느꼈다”고 말하며 권상우에게 계속해서 좋아하는 일을 할 것을 권유했다. 과거 신동엽은 2004년 연예기획사를 설립, 사업에 도전했다가 실패해 빚더미에 앉았던 바 있다. 그는 당시 함께 벌였던 기능성",2025.01.21 14:57,https://biz.heraldcorp.com/article/10403863?sec=012,헤럴드경제
"‘50세’김종국, 올해 결혼?… 유재석 “김종국 솔로 아니야”",https://wimg.heraldcorp.com/news/cms/2025/01/21/news-p.v1.20250121.341e4d104cde4895ae89370dd68b4158_T1.png?type=h&h=240,"[헤럴드경제=이명수 기자] ‘틈만 나면,’에서 김종국이 새해 소원으로 결혼을 다짐했다. 또 유재석이 김종국은 현재 솔로가 아니라고 밝혀 그 배경에 관심이 집중된다. SBS 예능 프로그램 ‘틈만 나면,’이 20회로 시즌 마지막을 장식하고, 다음 시즌을 기약한다. 특히 20회의 틈 친구로는 올해 50세가 된 용띠 절친 차태현과 김종국이 출격해 ‘틈만 나면,’ 최고 기록을 세웠다고 밝혀 이들의 활약에 기대가 모아진다. 21일 방송되는 ‘틈만 나면,’에서는 유부남 유재석과 차태현의 ‘50세 미혼’ 김종국 결혼시키기가 핫이슈로 떠올랐다. 특히 이날 유재석은 “종국이는 현재 솔로가 아니다”라고 밝힌다. 이에 유재석은 “종국이는 이미 수많은 헬스인들과 교감하고 있다”라며 설명해 모두를 끄덕이게 한다고. 이에 차태현이 “종국이가 리얼 연애 예능 나가면 대박이야”라고 깐족이자 김종국은 “결혼은 내가 알아서 할게!”라고 욱해 ‘종국잡이’ 차태현을 흡족케 한다. 반면 유연석이 “사랑의 작대기 말고 사랑",2025.01.21 13:57,https://biz.heraldcorp.com/article/10403789?sec=012,헤럴드경제
"박수홍, ‘생후 70일’ 딸 폭풍성장 …“아빠 닮았네”",https://wimg.heraldcorp.com/news/cms/2025/01/21/news-p.v1.20250121.a83015f21b8f47db9fb1954e4f57c7e1_T1.png?type=h&h=240,"[헤럴드경제=이명수 기자] 방송인 박수홍의 딸 재이의 근황이 공개된다. 22일 오후 8시30분 방송되는 KBS 2TV ‘슈퍼맨이 돌아왔다’는 ‘나에게 와줘서 고마워’ 편으로 꾸며진다. 재이가 생후 70일을 맞아 아빠 박수홍을 닮은 롱다리와 엄마 김다예를 닮은 큰 눈을 자랑한다. 재이의 진한 쌍꺼풀에 MC 최지우는 “눈빛이 왜 이렇게 깊죠?”라며 감탄한다. MC 안영미는 “눈썹이 어쩜 저렇게 진해요?”라고 놀란다. 재이는 키 67.2㎝로 롱다리를 뽐내며 생후 70일에 12개월짜리의 옷을 입는다. 제작진은 “이 가운데 재이가 남다른 끼를 발산한다. 이름을 부르자, 배시시 웃으며 깜찍한 애교를 보여준다”면서 “기가 막히게 카메라를 눈으로 찾는 끼마저 박수홍을 닮았다”고 귀띔했다. 박수홍은 광대를 하늘로 승천시키며 “재이는 한자도 읽는 것 같다”며 늦깎이 아빠의 딸 자랑 시동을 걸었다.",2025.01.21 11:41,https://biz.heraldcorp.com/article/10403684?sec=012,헤럴드경제
한혜진 “기성용 유니폼 입은 모습 설레여…늦게 은퇴했으면”,https://wimg.heraldcorp.com/news/cms/2025/01/21/news-p.v1.20250121.7164f7f19a164c999b70e979ee2f29a8_T1.jpg?type=h&h=240,"[헤럴드경제=이명수 기자] 배우 한혜진이 남편에 대한 변함없는 사랑을 드러냈다. 21일 방송하는 SBS ‘신발 벗고 돌싱포맨’에서는 배우 홍은희 X 한혜진 X 박하선이 등장해 큰 웃음을 선사한다. 이날 한혜진은 “남편에게 설렐 때는 언제냐”라는 질문에 한혜진은 “남편이 유니폼 입은 모습이 멋있어서 최대한 늦게 은퇴하길 바란다”라고 밝혔다. 홍은희와 박하선 또한 “남편이 일할 때 가장 멋있다”라고 밝혔는데, 이에 돌싱포맨은 “세 분 다 남편들이 돈 벌 때 멋있어 보이는 것 이니냐”라며 몰아가 폭소를 자아냈다. 한편, 홍은희와 박하선은 남편의 키스신에 대한 생각을 털어놓으며 ‘배우 부부’의 현실을 고백했다. 홍은희는 “아무리 배우여도 기분이 좋지 않다. ‘당신 키스신 지존이야’라고 할 수는 없지 않냐”라며 솔직한 마음을 고백했다. 이어 박하선 또한 남편 류수영의 키스신에 대해 “연애 때는 질투 났지만, 이제는 잘 하고 오라고 한다”라며 한결 쿨해진 이유를 밝혔다. 첫 만남 후 초고속으로",2025.01.21 10:46,https://biz.heraldcorp.com/article/10403566?sec=012,헤럴드경제
"트럼프 2기 실세는 ‘실리콘밸리 마피아’…머스크 따라 ‘A·B·C·D 투자’ 뜬다 [신동윤의 투자,지정학]",https://wimg.heraldcorp.com/news/cms/2025/01/20/news-p.v1.20250118.67269a29fa9e48f7bbc985800ff7f6d4_R.jpg,,,https://biz.heraldcorp.com/article/10401913,헤럴드경제
"영화 ‘하얼빈’과 ‘안중근 효과’, 그리고 이토 히로부미[서병기의 문화와 역사]",https://wimg.heraldcorp.com/news/cms/2025/01/15/news-p.v1.20250114.ca189c5d28c54c608428f422331369ab_R.jpg,,,https://biz.heraldcorp.com/article/10389701,헤럴드경제
과부제조기 vs 차세대 기술 선구자…벨 보잉 V-22 오스프리[오상현의 무기큐브],https://wimg.heraldcorp.com/news/cms/2025/01/16/news-p.v1.20250116.b943d05d01e9468980e1ac7eb03c526d_R.jpg,,,https://biz.heraldcorp.com/article/10393435,헤럴드경제
“울지 않겠다”던 ‘가황’ 나훈아…마지막곡 ‘사내’ 부르고 눈물 [고승희의 리와인드],,,,https://biz.heraldcorp.com/article/10388845,헤럴드경제
[단독] 尹 체포 직전 “이런 싸움도 필요한 거다. 내가 앞장서 싸우겠다” [세상&],https://wimg.heraldcorp.com/news/cms/2025/01/22/rcv.YNA.20250115.PYH2025011510600001300_R.jpg?type=h&h=640,,,https://biz.heraldcorp.com/article/10405117,헤럴드경제
"“연봉 1억이면 보너스가 7500만원”…SK하이닉스, 기본급 1500%를 성과급 지급",https://wimg.heraldcorp.com/news/cms/2025/01/22/news-p.v1.20250122.1284d7a9678d490c8f10ef7b0b3e3193_R.png?type=h&h=640,,,https://biz.heraldcorp.com/article/10405080,헤럴드경제
하염없이 흐르는 시간…공수처 尹 조사 또 허탕 [세상&],https://wimg.heraldcorp.com/news/cms/2025/01/22/news-p.v1.20250122.03bb34ee79634df1b38903722261f872_R.jpg?type=h&h=640,,,https://biz.heraldcorp.com/article/10404936,헤럴드경제
與 만난 이창용 “정치 생각 전혀 없다”…정경 분리 강조 [이런정치],https://wimg.heraldcorp.com/news/cms/2025/01/22/rcv.YNA.20250122.PYH2025012215880001300_R.jpg?type=h&h=640,,,https://biz.heraldcorp.com/article/10405077,헤럴드경제
"前특전사령관 “‘의원 끌어내라’는 尹 지시, 분명한 사실”",https://wimg.heraldcorp.com/news/cms/2025/01/22/rcv.YNA.20250122.PYH2025012217420001300_R.jpg?type=h&h=640,,,https://biz.heraldcorp.com/article/10405083,헤럴드경제
"KBF 회장, ‘레전드 체육관료’ VS ‘아프리카TV의 아버지’",https://wimg.heraldcorp.com/news/cms/2025/01/21/news-p.v1.20250120.bbc577378dfa4f1b992f20b2c9fefb54_T1.png?type=h&h=120,,,https://biz.heraldcorp.com/article/10403153,헤럴드경제
홧김에 티박스 부순 해튼..두바이 데저트 클래식 우승,https://wimg.heraldcorp.com/news/cms/2025/01/20/news-p.v1.20250120.12359a0763bc41afa9fbf11bbe8b7898_T1.jpg?type=h&h=120,,,https://biz.heraldcorp.com/article/10402307,헤럴드경제
황유민 “올해도 재밌는 골프 기대하세요”,https://wimg.heraldcorp.com/news/cms/2025/01/21/news-p.v1.20250117.ce58d5c01e98497c9f5ec5a9f1068458_T1.jpg?type=h&h=120,,,https://biz.heraldcorp.com/article/10403640,헤럴드경제
"안세영, 인도오픈 제패하며 2주 연속 우승",https://wimg.heraldcorp.com/news/cms/2025/01/20/rcv.YNA.20250119.PAF20250119308001009_T1.jpg?type=h&h=120,,,https://biz.heraldcorp.com/article/10402300,헤럴드경제
"노 보기에 이글 1개, 버디 5개..이승택 공동 7위 도약",https://wimg.heraldcorp.com/news/cms/2025/01/21/news-p.v1.20250121.47c1b71c110e4b25af2ceac44088c60b_T1.jpg?type=h&h=120,,,https://biz.heraldcorp.com/article/10403759,헤럴드경제
KLPGA투어 2025시즌 일정 발표..30개 대회에 총상금 325억원,https://wimg.heraldcorp.com/news/cms/2025/01/20/news-p.v1.20250120.25e7d026426242e6bd1288ea8c75e387_T1.jpg?type=h&h=120,,,https://biz.heraldcorp.com/article/10402963,헤럴드경제
‘165㎞ 광속구’ 사사키 품은 다저스…“새로운 악의 제국 건설”,https://wimg.heraldcorp.com/news/cms/2025/01/20/rcv.YNA.20250118.PAP20250118085601009_T1.jpg?type=h&h=120,,,https://biz.heraldcorp.com/article/10402403,헤럴드경제
"박혜준, 두산건설과 계약 “꾸준한 경기력으로 시즌 2승 목표”",https://wimg.heraldcorp.com/news/cms/2025/01/20/news-p.v1.20250120.d9c073ebd80c48a2aabb15ff16100317_T1.png?type=h&h=120,,,https://biz.heraldcorp.com/article/10402472,헤럴드경제
2025시즌 드림투어 개막전 인도네시아 여자오픈 24일 개막,https://wimg.heraldcorp.com/news/cms/2025/01/20/news-p.v1.20250120.08a2537e178840a9bd550a238c395dc0_T1.jpg?type=h&h=120,,,https://biz.heraldcorp.com/article/10402665,헤럴드경제
성남시청 필드하키선수단 소속 한 자립준비청년 스토리 ‘화제’,https://wimg.heraldcorp.com/news/cms/2025/01/22/news-p.v1.20250122.85683a92a6ec4b718a3af21a41139cb1_T1.jpg?type=h&h=240,사회복지시설에서 자란 자립준비청년 황건열 선수가 성남시청 필드하키선수단에 입단하며 자신의 꿈을 향한 새로운 도전을 시작했다. 어린 시절 어려운 환경 속에서도 포기하지 않고 성장해온 그의 이야기는 많은 이들에게 깊은 감동을 주고 있다. 황건열 선수는 10세 무렵 사회복지시설에 입소하면서 인생의 큰 전환점을 맞았다. 당시 한 선생님이 그의 재능을 발견하고 필드하키팀이 있는 중학교 진학을 권유하면서 그는 필드하키를 접하게 되었다. 새로운 목표를 향해 반항심을 극복하며 필드하키에 열중한 그는 점차 안정된 생활과 성취를 이뤄가기 시작했다. 고등학교 시절 전문적인 훈련에 돌입한 황 선수는 1학년 시절 부족한 기술과 체력으로 인해 슬럼프를 경험했다. 하지만 자신을 믿고 응원해준 주변의 도움으로 어려움을 극복하며 꾸준히 발전해갔다. 이러한 노력을 바탕으로 한국체육대학교에 특채로 입학한 그는 미드필더 포지션에서 두각을 드러내며 필드하키 선수로서의 재능을 꽃피웠다. 2022년부터 2023년까지 그는,2025.01.22 14:58,https://biz.heraldcorp.com/article/10404836?sec=013,헤럴드경제
고군택 등 KPGA 선수 12명 아시안투어 개막전 출전,https://wimg.heraldcorp.com/news/cms/2025/01/22/news-p.v1.20250122.241faf4b6de848858e7787744a38acfa_T1.jpg?type=h&h=240,"[헤럴드경제 스포츠팀=정근양 기자] 고군택(26, 대보건설) 등 KPGA 선수 12명이 아시안투어 개막전인 필리핀오픈(총상금 50만 달러)에 출전한다. 고군택은 23일부터 나흘간 필리핀 마닐라의 사우스우드 G&CC 마스터즈 코스(파70/7138야드)에서 열리는 이번 대회에서 우승에 도전한다. 필리핀의 내셔널 타이틀인 이 대회는 지난 2015년 이후 10년 만에 아시안투어로 복귀했다. 고군택은 연습라운드를 마친 후 “베트남에서 2주 정도 전지훈련을 하고 사흘 전 필리핀으로 건너왔다”며 “2025년 들어 첫 대회이고 시작인 만큼 좋은 성적을 내고 싶다. 목표는 톱10 진입이다. 날씨가 정말 덥지만 잘 이겨내 보겠다”는 각오를 밝혔다. 이번 대회에는 고군택 외에 양지호(36)와 이정환(34.우리금융그룹), 왕정훈(30), 조민규(37.우리금융그룹), 엄재웅(35.우성종합건설), 황중곤(33.우리금융그룹), 김영수(36), 강경남(42.대선주조), 문도엽(34.DB손해보험), 이창우(32.",2025.01.22 14:45,https://biz.heraldcorp.com/article/10404802?sec=013,헤럴드경제
"노 보기에 이글 1개, 버디 5개..이승택 공동 7위 도약",https://wimg.heraldcorp.com/news/cms/2025/01/21/news-p.v1.20250121.47c1b71c110e4b25af2ceac44088c60b_T1.jpg?type=h&h=240,"[헤럴드경제 스포츠팀=정근양 기자] ‘불곰’ 이승택(30)이 콘페리투어 두 번째 대회인 그레이트 아바코 클래식에서 7언더파의 맹타를 휘둘러 공동 7위에 올랐다. 이승택은 21일(한국시간) 바하마 그레이트 아바코의 더 아바코 클럽(파72)에서 열린 대회 이틀째 경기에서 보기 없이 이글 1개와 버디 5개를 잡아 7언더파 65타를 기록했다. 중간 합계 9언더파 135타를 적어낸 이승택은 2라운드가 악천후로 순연된 가운데 공동 7위로 올라섰다. 공동선두인 데이비스 채트필드(미국), 크리스토 램프렛(남아공)과는 2타 차다. 6~8번 홀에서 버디-버디-이글을 잡은 이승택은 경기 후 “1라운드 잔여 경기를 하고 바로 2라운드에 임해 체력적으로 조금 힘들기는 하다. 바람이 정말 강하게 분다. 하지만 다른 선수들도 같은 조건이기 때문에 크게 신경 쓰지 않고 내 경기에만 집중했다”며 “2개 대회 연속 컷 통과를 바라보고 있어 만족한다. 순위를 많이 올려놓고 2라운드 경기를 마쳤기 때문에 좋은 흐름으로",2025.01.21 12:58,https://biz.heraldcorp.com/article/10403759?sec=013,헤럴드경제
황유민 “올해도 재밌는 골프 기대하세요”,https://wimg.heraldcorp.com/news/cms/2025/01/21/news-p.v1.20250117.ce58d5c01e98497c9f5ec5a9f1068458_T1.jpg?type=h&h=240,"KLPGA투어 황유민 인터뷰 지난 시즌 첫 상금 10억 돌파 통산 2승에 인기상까지 수상 “올해는 꼭 LPGA 투어 도전” “지난 시즌 가장 아쉬운 순간이요? 한화클래식(준우승)에서 아이언샷을 너무 안전하게만 치려고 했던 게 후회돼요. 과거로 다시 돌아간다면 무조건 공격적으로 칠 거에요!” 그래서 2025시즌도 ‘돌격, 앞으로!’다. 한국여자프로골프(KLPGA) 투어 3년차를 맞는 ‘돌격대장’ 황유민은 최근 헤럴드경제와 인터뷰에서 자신의 별명답게 올해도 공격적이고 재미있는 골프를 보여주겠다고 다짐했다. “저 스스로도 재미있는 골프가 좋아요. 갤러리와 팬들에게 너무 진지하게 보이지 않았으면 좋겠어요. 플레이하는 저도, 보는 갤러리도 즐거운 골프가 좋아요. 그래서 나중에 사람들이 황유민, 하면 ‘재미있게 공 잘치는 선수’로 기억되고 싶어요.” 황유민은 지난해 2년차 징크스를 보란듯이 깨뜨리고 시즌 개막전 두산건설 위브 챔피언십에서 우승컵을 들어올렸다. 기세를 이어 추가 우승을 보태지 못",2025.01.21 11:29,https://biz.heraldcorp.com/article/10403640?sec=013,헤럴드경제
"KBF 회장, ‘레전드 체육관료’ VS ‘아프리카TV의 아버지’",https://wimg.heraldcorp.com/news/cms/2025/01/21/news-p.v1.20250120.bbc577378dfa4f1b992f20b2c9fefb54_T1.png?type=h&h=240,"[헤럴드스포츠=유병철 전문기자] 한국체육계에 선거의 계절이 계속되고 있는 가운데, 당구도 그 뜨거운 열기에 동참했다. 오는 23일 치러지는 제3대 대한당구연맹(KBF) 회장 선거에 레전드 체육관료와 ‘아프리카TV의 아버지’로 불리는 유능한 기업인이 격돌한다. 주인공은 문화체육관광부의 최장수 체육국장을 지낸 체육행정 전문가 김기홍 법무법인 율촌 상임고문(65)과 서수길 SOOP 대표(58)다. 먼저 김 고문은 1988년 32회 행정고시 합격으로 공직에 발을 들여놓은 후 체육행정 전문가로 발돋움했다. 2009년부터 2012년까지 문체부 체육국장으로 역대 최장인 3년 동안 재임했고, 이 사이 2010 밴쿠버 동계올림픽, 같은 해 남아공 월드컵, 2011년 평창 동계올림픽 유치 등 굵직한 업적에 동참했다. 1급 공무원으로 승진한 후에도 평창동계올림픽 조직위원회의 상금부위원장 겸 사무처장(차관보급)을 맡아 성공개최를 이끌었고, 이후 대한축구협회 부회장을 역임했다. 한국의 체육행정에 관해서라면",2025.01.21 07:25,https://biz.heraldcorp.com/article/10403153?sec=013,헤럴드경제
KLPGA투어 2025시즌 일정 발표..30개 대회에 총상금 325억원,https://wimg.heraldcorp.com/news/cms/2025/01/20/news-p.v1.20250120.25e7d026426242e6bd1288ea8c75e387_T1.jpg?type=h&h=240,"[헤럴드경제 스포츠팀=정근양 기자] 한국여자프로골프투어(KLPGT)가 2025시즌 KLPGA투어 일정을 발표했다. 2025시즌 KLPGA투어는 총 30개 대회에 총상금 약 325억 원, 평균상금 약 10억 8천여만 원의 규모로 펼쳐질 예정이다. 총 31개 대회, 총상금 약 332억 원으로 열린 지난 시즌보다 해외 개최 대회가 1개가 줄며 대회수와 총상금이 줄었다. 하지만 국내에서 개최되는 대회는 29개로 유지했고, 지난 시즌 21개였던 10억 원 이상의 대회가 26개(전체 대회의 약 87%)로 늘어남에 따라 평균 상금액은 10억 7천여만 원이었던 2024시즌보다 약 1천만 원 상승했다. 이렇듯 시즌 평균 상금이 증가할 수 있었던 데에는 올 시즌 신설된 대회와 기존 대회가 총상금을 증액한 것이 큰 몫을 했다. 올해 신설되는 대회는 3개다. 총상금 10억 원의 ‘iM금융 오픈’과 ‘덕신 EPC 챔피언십’이 오는 4월 첫 선을 보이며, 지난 10월 개최 조인식을 가진 ‘오로라월드 챔피언십",2025.01.20 15:50,https://biz.heraldcorp.com/article/10402963?sec=013,헤럴드경제
2025시즌 드림투어 개막전 인도네시아 여자오픈 24일 개막,https://wimg.heraldcorp.com/news/cms/2025/01/20/news-p.v1.20250120.08a2537e178840a9bd550a238c395dc0_T1.jpg?type=h&h=240,"[헤럴드경제 스포츠팀=정근양 기자] 2025시즌 KLPGA 드림투어 개막전이자 드림투어 최초로 해외에서 펼쳐지는 ‘KLPGA 2025 드림투어 인도네시아 여자오픈[(총상금 30만달러)이 오는 24일부터 사흘간 인도네시아 자카르타의 다마이 인다 골프클럽 BSD코스(파72)에서 막을 올린다. 이번 개막전은 KLPGT와 아시아골프리더스포럼(이하 AGLF)이 협약을 맺고 진행하는 ‘아시아 태평양 서킷(APAC Circuit, 이하 APAC 서킷) 시리즈 투어’로 진행된다. 이번 대회를 통해 KLPGA 드림투어가 해외로 확장됨에 따라 한국여자프로골프의 위상을 높이는 동시에 각국의 스포츠 및 문화 외교 활성화에도 기여할 것으로 기대가 모이고 있다. ‘KLPGA 2025 드림투어 인도네시아 여자오픈’ 초대 챔피언을 향한 경쟁이 치열할 것으로 예상되는 가운데, KLPGA 드림투어 출전 자격 상위 50명을 포함해 총 120명의 아시아 지역 선수들이 참가해 자웅을 겨룬다. 한국에서는 정규투어 못지 않",2025.01.20 11:26,https://biz.heraldcorp.com/article/10402665?sec=013,헤럴드경제
"포르쉐, 방신실 2년 연속 후원 “카이엔 E-하이브리드 제공”",https://wimg.heraldcorp.com/news/cms/2025/01/20/news-p.v1.20250120.35a14dafe61e4e2aa53389a07b72d057_T1.jpg?type=h&h=240,"[헤럴드경제=조범자 기자] 포르쉐 공식 딜러 세영모빌리티㈜가 한국여자프로골프(KLPGA) 투어 대표 장타자 방신실을 2년 연속 후원한다고 20일 밝혔다. 포르쉐는 지난해 방신실에게 순수 전기 스포츠카 ‘타이칸’을 후원한 데 이어 올해는 ‘카이엔 E-하이브리드’를 제공한다. 방신실이 지난해 탔던 타이칸은 세영모빌리티 ‘포르쉐 인증 중고차 센터 성수’로 인계돼 새로운 오너를 찾을 예정이라고 포르쉐 측은 밝혔다. 방신실은 2023년 데뷔 시즌에 2승을 올렸고 지난해엔 준우승 3회, 톱10 9회 등으로 상금랭킹 10위, 대상포인트 11위에 올랐다. 방신실은 “2025년에도 세영모빌리티와 여정을 함께 하게 되어 매우 기쁘다”며 “더 좋은 성적과 도전으로 보답할 수 있도록 최선을 다하겠다”고 포부를 밝혔다.",2025.01.20 10:30,https://biz.heraldcorp.com/article/10402542?sec=013,헤럴드경제
"박혜준, 두산건설과 계약 “꾸준한 경기력으로 시즌 2승 목표”",https://wimg.heraldcorp.com/news/cms/2025/01/20/news-p.v1.20250120.d9c073ebd80c48a2aabb15ff16100317_T1.png?type=h&h=240,"[헤럴드경제=조범자 기자] 두산건설 위브 골프단이 지난시즌 한국여자프로골프(KLPGA) 투어에서 두차례 준우승한 박혜준과 후원 계약을 했다고 20일 밝혔다. 14살 때부터 호주에서 골프 유학을 한 박혜준은 177㎝의 장신에서 나오는 호쾌한 스윙을 바탕으로 지난해 두산건설 위브 챔피언십과 제주삼다수 마스터스에서 준우승을 차지했다. 박혜준은 “평소 두산건설의 위브 브랜드가 지닌 가치를 높이 생각해 왔는데, 이렇게 좋은 인연으로 함께하게 되어 정말 뜻깊다”며 “지난 시즌 두산건설 위브 챔피언십에서 준우승했는데 올해는 후원 선수로서 우승 트로피를 들어 올리고 싶다”고 각오를 밝혔다. 박혜준은 지난 시즌을 돌아보며 “2024시즌은 많은 것을 배운 한 해였다”며 “기술과 정신적으로 발전했다고 생각해 이 부분을 칭찬하고 싶다. 하지만 체력적인 문제에서 아쉬움이 남는다. 올시즌에는 이 부분을 보완하겠다”고 했다. 지난 6일 태국으로 전지훈련을 떠난 박혜준은 7주간 체력과 스윙의 일관성에 집중해 훈",2025.01.20 09:47,https://biz.heraldcorp.com/article/10402472?sec=013,헤럴드경제
‘165㎞ 광속구’ 사사키 품은 다저스…“새로운 악의 제국 건설”,https://wimg.heraldcorp.com/news/cms/2025/01/20/rcv.YNA.20250118.PAP20250118085601009_T1.jpg?type=h&h=240,"日 투수 사사키, LA 다저스와 계약 “헐값 영입한 다저스 장기집권 가능” 왼손 불펜 태너 스콧도 영입 [헤럴드경제=조범자 기자] “그렉 매덕스, 톰 글래빈, 존 스몰츠의 애틀랜트 브레이브스에 버금가는 ‘신(新) 악의 제국’ 건설”(USA투데이) “메이저리그에 진출한 가장 재능있는 어린 투수 중 한 명”(MLB닷컴) 올겨울 메이저리그(MLB) 스토브리그의 핫이슈였던 일본의 강속구 투수 사사키 로키(23)의 행선지가 마침내 LA 다저스로 결정되면서 MLB는 시즌 개막 전부터 뜨겁게 달아오르고 있다. 20일 미국 언론들에 따르면 MLB닷컴은 지난 18일 사사키가 같은 일본 출신인 오타니 쇼헤이, 야마모토 요시노부가 있는 다저스를 선택했다고 자신의 SNS를 통해 밝혔다고 보도했다. 사사키는 이날 자신의 인스타그램을 통해 “다저스와 마이너 계약을 맺었다. 무척 어려운 결정이었지만 나중에 야구 일생을 마치고 돌아봤을 때 옳은 결정이었다고 생각할 수 있도록 노력하겠다”고 발표했다. 일본 지바",2025.01.20 09:04,https://biz.heraldcorp.com/article/10402403?sec=013,헤럴드경제
"트럼프 2기 실세는 ‘실리콘밸리 마피아’…머스크 따라 ‘A·B·C·D 투자’ 뜬다 [신동윤의 투자,지정학]",https://wimg.heraldcorp.com/news/cms/2025/01/20/news-p.v1.20250118.67269a29fa9e48f7bbc985800ff7f6d4_R.jpg,,,https://biz.heraldcorp.com/article/10401913,헤럴드경제
"영화 ‘하얼빈’과 ‘안중근 효과’, 그리고 이토 히로부미[서병기의 문화와 역사]",https://wimg.heraldcorp.com/news/cms/2025/01/15/news-p.v1.20250114.ca189c5d28c54c608428f422331369ab_R.jpg,,,https://biz.heraldcorp.com/article/10389701,헤럴드경제
과부제조기 vs 차세대 기술 선구자…벨 보잉 V-22 오스프리[오상현의 무기큐브],https://wimg.heraldcorp.com/news/cms/2025/01/16/news-p.v1.20250116.b943d05d01e9468980e1ac7eb03c526d_R.jpg,,,https://biz.heraldcorp.com/article/10393435,헤럴드경제
[단독] 尹 체포 직전 “이런 싸움도 필요한 거다. 내가 앞장서 싸우겠다” [세상&],https://wimg.heraldcorp.com/news/cms/2025/01/22/rcv.YNA.20250115.PYH2025011510600001300_R.jpg?type=h&h=640,,,https://biz.heraldcorp.com/article/10405117,헤럴드경제
"“연봉 1억이면 보너스가 7500만원”…SK하이닉스, 기본급 1500%를 성과급 지급",https://wimg.heraldcorp.com/news/cms/2025/01/22/news-p.v1.20250122.1284d7a9678d490c8f10ef7b0b3e3193_R.png?type=h&h=640,,,https://biz.heraldcorp.com/article/10405080,헤럴드경제
하염없이 흐르는 시간…공수처 尹 조사 또 허탕 [세상&],https://wimg.heraldcorp.com/news/cms/2025/01/22/news-p.v1.20250122.03bb34ee79634df1b38903722261f872_R.jpg?type=h&h=640,,,https://biz.heraldcorp.com/article/10404936,헤럴드경제
與 만난 이창용 “정치 생각 전혀 없다”…정경 분리 강조 [이런정치],https://wimg.heraldcorp.com/news/cms/2025/01/22/rcv.YNA.20250122.PYH2025012215880001300_R.jpg?type=h&h=640,,,https://biz.heraldcorp.com/article/10405077,헤럴드경제
"前특전사령관 “‘의원 끌어내라’는 尹 지시, 분명한 사실”",https://wimg.heraldcorp.com/news/cms/2025/01/22/rcv.YNA.20250122.PYH2025012217420001300_R.jpg?type=h&h=640,,,https://biz.heraldcorp.com/article/10405083,헤럴드경제
"‘인간 샤넬’ 지드래곤, ‘남 달라’ 공항패션 눈길",https://wimg.heraldcorp.com/news/cms/2025/01/21/news-p.v1.20250121.636c1986310f4d0b8b791f9abe7c93f2_T1.jpg?type=h&h=240,,,https://biz.heraldcorp.com/article/10403900,헤럴드경제
"‘검은 수녀들’ 더 먹먹한 결말…송혜교 “흡연 포함 모든 연기 진심, 가짜는 없다”",https://wimg.heraldcorp.com/news/cms/2025/01/20/rcv.YNA.20250120.PYH2025012016570001300_T1.jpg?type=h&h=240,,,https://biz.heraldcorp.com/article/10403089,헤럴드경제
"카메라 다가오자 고개 푹…유재석 옆 여배우, 누군가 했더니",https://wimg.heraldcorp.com/news/cms/2025/01/22/news-p.v1.20250122.a2e10c34ae4c497cabb7396ae0cb528b_T1.jpg?type=h&h=240,,,https://biz.heraldcorp.com/article/10404220,헤럴드경제
"금나나, 동국대 생명공학 교수로 TV출연....변함없는 미모도 눈길",https://wimg.heraldcorp.com/news/cms/2025/01/20/news-p.v1.20250120.dde00a3e33b84da98f6dc443fb113152_T1.png?type=h&h=120,,,https://biz.heraldcorp.com/article/10402430,헤럴드경제
"“빨갱이XX, 꺼져”…尹 비판한 소재원 작가 “‘책 테러’ 당했다”",https://wimg.heraldcorp.com/news/cms/2025/01/21/news-p.v1.20250121.2ebe415034a14f88ab8d1a65ced8b4cb_T1.jpg?type=h&h=120,,,https://biz.heraldcorp.com/article/10404135,헤럴드경제
"이승환 “공연 취소로 정신적 고통, 정치선동 한 적 없어”…구미시장에 2.5억 손배소",https://wimg.heraldcorp.com/news/cms/2025/01/22/news-p.v1.20241226.e9b237e35c7c4357ab263c201885bff0_T1.jpg?type=h&h=120,,,https://biz.heraldcorp.com/article/10404325,헤럴드경제
"무한한 변주, ‘토핑’…한국인은 원래 잘했다? [식탐]",https://wimg.heraldcorp.com/news/cms/2025/01/20/news-p.v1.20250120.d321b8cf979344329085bec37ea9b17c_T1.jpg?type=h&h=120,,,https://biz.heraldcorp.com/article/10402904,헤럴드경제
“관광객 그만 와!” 사라진 홋카이도 자작나무들[함영훈의 멋·맛·쉼],https://wimg.heraldcorp.com/news/cms/2025/01/20/news-p.v1.20250120.d529686e483f4371bcf604fe4c62c3ca_T1.jpg?type=h&h=120,,,https://biz.heraldcorp.com/article/10402332,헤럴드경제
밍글링 투어가 뜬다..재지 않아서 좋은 어울림[함영훈의 멋·맛·쉼],https://wimg.heraldcorp.com/news/cms/2025/01/20/news-p.v1.20250120.0bd13a8403654563baacdf58651db8b7_T1.jpg?type=h&h=120,,,https://biz.heraldcorp.com/article/10402957,헤럴드경제
‘노오란 샤쓰의 사나이’ 한명숙 별세…향년 90세,https://wimg.heraldcorp.com/news/cms/2025/01/22/news-p.v1.20250122.48b6161d7d264d50ac96bbd3a93e448e_T1.jpg?type=h&h=240,"[헤럴드경제=이명수 기자] 1960년대 국내 대중음악 흐름을 바꾼 불멸의 히트곡 ‘노오란 샤쓰의 사나이’ 주인공인 가수 한명숙이 별세했다. 향년 90. 22일 박성서 대중음악 평론가 등 가요계에 따르면, 한명숙은 지병으로 이날 눈을 감았다. 1935년 12월1일 평남 진남포에서 출생한 고인은 1950년 6·25 당시 모친과 단 둘이 부친을 찾아 피난민 대열에 합류해 남한에 왔다. 16세 때 인천에 정착한 뒤 악극단 가수로 활동을 시작했다. 일본 우에노음악학교(현 도쿄예술대학)를 나온 외삼촌 김재섭의 평양음대 제자인 드러머 이원근의 추천으로 ‘태양악극단’에 들어가면서 연예계에 첫 발을 내디뎠다. 아울러 군예대(軍藝隊)에도 참여, ‘군번 없는 용사’로 참전했다. 실력을 점차 인정받으면서 미8군 쇼 단체인 ‘럭키쇼단’에 스카웃됐다. 이후 세븐스타쇼, 에이원쇼 등으로 활동을 넓혀 나갔다. 특히 안정된 허스키 보이스는 팝 가창에 맞는 음색으로 미군들의 반응이 좋았다. 이 인기와 유명세를 몰아",2025.01.22 20:19,https://biz.heraldcorp.com/article/10405146?sec=014,헤럴드경제
"‘원경’이성민, 짧지만 강렬했다 ‘용두용미 퇴장!’",https://wimg.heraldcorp.com/news/cms/2025/01/22/news-p.v1.20250122.2ecf86be12104d38ac4163511c841ec9_T1.jpg?type=h&h=240,"-분노, 적개심으로 시작해 미소로 끝났다 [헤럴드경제 = 서병기 선임기자]배우 이성민이 tvN X TVING ‘원경’에서 짧은 만큼 강렬한 활약을 마치고 ‘용두용미’ 퇴장을 했다. ‘원경’에 이성계 역을 맡아 출연했던 이성민은 지난 21일 방송된 6회를 통해 이방원(이현욱 분), 원경(차주영 분)과 극적으로 화해하는 장면을 마지막으로 여정을 마무리했다. 그동안 ‘원경’에서 이성계는 형제들을 죽이고 왕위에 오른 이방원을 못마땅해하는 동시에 아들을 일찍 떠나보낸 한을 절절한 감정으로 드러내 왔다. 이방원을 향한 분노의 감정으로 극에 높은 긴장감을 불어넣는 동시에 몸 곳곳에 박혀있는 한의 정서로 애끓는 부성애를 그리기도 했다. 목숨을 걸고 위태롭게 이어져 온 이성계의 날 선 적대심은 이방원의 진심 어린 속죄에 극적으로 누그러졌다. 관계를 회복한 후 이방원과 함께 돌아온 이성계는 궐에서 원경을 만나 미소를 지으며 감동적인 엔딩을 맞이했다. 이들의 관계 변화가 ‘원경’의 후반부에 어떤 변화를",2025.01.22 18:06,https://biz.heraldcorp.com/article/10405101?sec=014,헤럴드경제
"박보영, 여친룩의 정석, 청순美 아미(AMI) 공항패션",https://wimg.heraldcorp.com/news/cms/2025/01/22/news-p.v1.20250122.d0559269aec64f5681516bf37356bd8e_T1.jpg?type=h&h=240,"[헤럴드경제=함영훈 기자] 박보영이 아미 25FW 파리 패션위크 참석 차 인천국제공항을 통해 출국했다. 22일 아미에 따르면, 박보영은 머리부터 발끝까지 아미(AMI)의 청순무드에 맞는 ‘꾸안꾸(꾸민듯 안꾸민듯)’ 윈터룩으로 시선을 사로잡았다. 박보영은 고급스러운 캐시미어 롱 코트에 깔끔한 플레어 핏이 돋보이는 청바지를 매치한 공항패션을 선보였다. 여기에 청순한 무드의 크로셰 스웨터를 이너로 매치해 그녀만의 패션센스를 뽐냈다. 그녀가 스타일링 포인트로 함께 선택한 아이템 역시 눈에 띄었다. 박보영은 둥근 실루엣의 앙고라 버킷햇은 푹신한 느낌으로 러블리한 매력을 한껏 돋보이게 만들었다. 골드 색상의 메탈 로고가 포인트인 ‘나노 파리 파리 백’ 역시 세련되면서도 페미닌한 무드를 자아내, 전체적인 룩에 은은한 멋을 더했다. 박보영은 여기에 아미 시그니처인 하트 로고를 사용한 클래식 머플러로 여친룩을 완성했다. 한편, 박보영은 2월 14일 공개를 앞둔 넷플릭스 시리즈 ‘멜로무비’에서 영화를",2025.01.22 15:45,https://biz.heraldcorp.com/article/10404929?sec=014,헤럴드경제
"‘땅콩버터+사과’ 낯선 이 조합, 왜 떴을까 [식탐]",https://wimg.heraldcorp.com/news/cms/2025/01/22/news-p.v1.20250121.474f1929c11e457eb349dea32454d243_T1.jpg?type=h&h=240,"땅콩버터, 단백질·오메가9지방 많아 ‘100%’ 땅콩제조, 열량↓ 포만감↑ [헤럴드경제=육성연 기자] “사과를 땅콩버터에 발라 먹어요. 요즘 유행이라 시도했는데 맛도 좋고 포만감도 있어 매력적이더라고요.” 30대 강모 씨가 즐겨 먹는 메뉴는 SNS(사회관계망서비스)에서 유행하는 ‘핫한 레시피’다. 그는 “모닝 커피와 잘 어울려 아침에 자주 먹는다”고 소개했다. 빵에 발라먹던 땅콩버터가 어떻게 사과의 ‘절친’이 됐을까. 이 낯선 조합은 일부 연예인들이 ‘다이어트 레시피’로 소개하면서 입소문을 탔다. 땅콩버터가 체중감량 음식으로 소개되는 것부터가 생소하다. 땅콩버터의 열량이 높아서다. 만일 다이어터가 땅콩버터를 섭취한다면, 100% 땅콩으로 만든 천연식품을 선택해야 효과적이다. 실제 유명 브랜드 ‘스키피’의 ‘수퍼청크 땅콩버터’ 열량을 살펴보면 100g당 613㎉에 달한다. 나트륨(40㎎) 함량은 1일 영양섭취 기준의 20%다. 땅콩버터가 ‘다이어트의 적’으로 알려진 것도 높은 열량 때",2025.01.22 16:50,https://biz.heraldcorp.com/article/10404921?sec=014,헤럴드경제
"파라다이스, 12년째 설맞이 ‘효(孝)드림’ 봉사활동",https://wimg.heraldcorp.com/news/cms/2025/01/22/news-p.v1.20250122.39a6af33105c4e3fb09f4e7346c4e57b_T1.jpeg?type=h&h=240,"[헤럴드경제=함영훈 기자] 파라다이스그룹이 민족대명절 설을 앞두고 부산, 인천 지역 어르신을 대상으로 나눔의 가치를 실천하는 ‘효(孝)드림’ 봉사활동을 진행했다. 22일 파라다이스그룹에 따르면, ‘효(孝)드림’은 지역사회 상생을 위해 올해로 12년째 이어오고 있는 파라다이스의 대표적인 사회공헌활동이다. 매년 서울, 부산, 인천에서 파라다이스그룹, 파라다이스복지재단, 파라다이스시티, 파라다이스 호텔 부산, 파라다이스 카지노 부산 등 임직원들이 봉사단으로 참여해 나눔의 손길을 건네고 있다. ‘효(孝)드림’ 봉사단은 부산 해운대구에 위치한 운봉종합사회복지관과 협력해 지난 21일 지역 어르신을 위한 떡국 특식 총 350인분을 지원했다. 거동이 불편한 주민들을 위해서는 봉사단이 직접 가정에 방문해 도시락, 설 선물과 함께 안부 인사를 전했다. 이어 22일엔 인천 영종도 한 경로당을 찾아 나눔을 이어갔다. 지역 어르신 30여 명에게 설 선물세트를 전달하고 담소를 나누는 시간을 가졌다. ‘효(孝",2025.01.22 14:58,https://biz.heraldcorp.com/article/10404833?sec=014,헤럴드경제
"깜짝 결혼 발표한 유튜버 원지, 도 넘은 ‘남편찾기’에 “사생활 침해” 호소",https://wimg.heraldcorp.com/news/cms/2025/01/22/news-p.v1.20250122.d99c818ce1da47e584c62918d97c453b_T1.jpg?type=h&h=240,"[헤럴드경제=최원혁 기자] 약 98만명의 구독자를 가진 여행 유튜버 원지(본명 이원지)가 결혼 발표 후 일부 누리꾼들의 도 넘은 사생활 침해로 고통받는 중이라고 토로했다. 22일 원지는 자신의 공식 채널에 “제 결혼과 관련해 근거 없는 추측과 개인정보 공유, 사생활 침해 등이 막무가내로 이뤄지고 있어 안타까운 마음”이라고 밝혔다. 원지는 “이는 평범한 일상을 살아가시는 분과 그 가족분들께도 큰 상처와 피해가 될 수 있다”며 “따뜻한 축하의 마음만으로도 충분히 감사한 만큼, 더 이상의 (사생활) 침해는 삼가주시길 정중하게 부탁드린다”고 했다. 원지는 전날인 21일 결혼을 깜짝 발표했다. 그는 “결혼식은 가족들만 모시고 아주 소박하게, 눈에 안 띄게 진행할 예정”이라고 밝혔다. 원지는 예비남편에 대해 “우연히 저를 더 자유롭고 편안하게 만들어주는 사람을 만나게 되었다. 예측 불가한 기복 큰 제 인생에서도 이 사람과 함께라면 더 멀리, 더 재미있게 나아갈 수 있겠다는 확신이 들더라”고 설",2025.01.22 14:30,https://biz.heraldcorp.com/article/10404773?sec=014,헤럴드경제
"카카오웹툰 ‘이태원 클라쓰’, 일본서 뮤지컬로 나온다",https://wimg.heraldcorp.com/news/cms/2025/01/22/news-p.v1.20250122.52d46de7514e431f82c0ab0bc70443ff_T1.jpeg?type=h&h=240,"가수 겸 배우 코타키 노조무 주연 이희준·헬렌 박·사카구치 리코·코야마 유우나 등 참여 [헤럴드경제=김현경 기자] 카카오엔터테인먼트 대표 글로벌 지식재산권(IP) ‘이태원 클라쓰’가 세계 최초로 일본에서 뮤지컬로 재탄생한다. 이번 뮤지컬은 한국, 일본, 대만 드라마화에 이은 또 한 번의 2차 창작 사례로 기대를 모은다. 카카오엔터테인먼트는 오는 6월 일본 도쿄 브릴리아홀에서 뮤지컬 ‘이태원 클라쓰’를 세계 최초로 선보인다고 22일 밝혔다. 주인공 박새로이 역에는 일본 아이돌 그룹 웨스트 멤버이자 뮤지컬 ‘더 뷰티풀 게임’ 등에서 뛰어난 연기와 가창력을 선보여 온 코타키 노조무가 열연하며 한국과 일본, 미국의 창작자들이 합심해 양질의 뮤지컬로 제작될 예정이다. 2016~2020년 카카오웹툰에서 연재된 광진 작가의 ‘이태원 클라쓰’는 소신과 원칙을 굽히지 않는 박새로이를 주인공으로 시대를 관통하는 다양한 청춘의 이야기를 담아내며 큰 인기를 누렸다. 웹툰은 국내 누적 조회 수 4억3000",2025.01.22 14:27,https://biz.heraldcorp.com/article/10404764?sec=014,헤럴드경제
"900회 맞은 ‘라디오스타’ 장수 비결? “非정통, 유연함, 편안함, 무질서속의 질서”",https://wimg.heraldcorp.com/news/cms/2025/01/22/news-p.v1.20250122.f1eb734b52c940a6ba8ded07916a34a3_T1.jpg?type=h&h=240,"[헤럴드경제 = 서병기 선임기자]“손석구 배우님, 공유 배우님, ‘라디오스타’ 한번 나와주세요. 장도윤 누나도 보시고 즐겁게 얘기하다 가시면 됩니다.” 900회를 맞은 MBC 예능 ‘라디오스타’의 MZ세대 김명엽 PD가 ‘라스’에 모시고 싶은 분을 묻자 이렇게 답했다. ‘라디오스타’는 2007년 시작해 지난 17년간 무려 1814명의 게스트가 거쳐갔다. 수많은 화제와 인물들을 배출하면서 지상파 최장수 토크쇼로 자리잡았다. ‘라디오스타’는 ‘무릎팍도사’와 함께 ‘황금어장’의 한 코너로 시작됐다. 방송 첫날은 무릎팍도사 코너에 치여 5분밖에 방송되지 못했다. 하지만 시작은 미약했지만 끝은 창대한 모양새다. 22일 상암 MBC 2층 M라운지에서 열린 900회 기자간담회에는 MC인 김국진, 김구라, 유세윤, 장도연과 김명엽 PD가 참가했다. “토크쇼지만 범용적이다. 중량감이 있고 뛰어난 MC들이 많은데, 중량감이 있는 만큼 핸디캡도 있다. 우리는 토크쇼를 지향하지만 정통이 아닌 리얼이다.",2025.01.22 13:28,https://biz.heraldcorp.com/article/10404721?sec=014,헤럴드경제
‘60세 백지연’이 100일간 ‘커피’ 끊었더니…‘이것’ 싹 사라졌다,https://wimg.heraldcorp.com/news/cms/2025/01/22/news-p.v1.20250122.8e27c810107d4de8b551a9d68d21b5b4_T1.jpg?type=h&h=240,"[헤럴드경제=장연주 기자] ‘커피 마니아’인 방송인 백지연(60)이 하루 7잔 마시던 커피를 100일간 끊은 뒤 나타난 변화를 언급해 눈길을 끈다. 백지연은 지난 20일 자신의 유튜브 채널 ‘지금백지연’에 ‘하루 7잔 마시던 커피를 100일 끊었더니 이런 일이’라는 제목의 영상을 게재했다. 그는 “커피를 정말 좋아해 먼 곳에 유명한 집이 있어도 꼭 가봤다”며 “강릉 카페촌이 유명해졌을 때, 바다를 보러 가기 위해서가 아니라 커피를 마시고자 그 먼 곳까지 갔다”고 말문을 열었다. 백지연은 이어 “커피빈을 고를 때도 취향에 맞도록 까다롭게 골랐다. 카페에서 사용하는 기계를 구매하기도 했다”며 “그런데 50대에 들어서니 커피가 건강에 영향을 끼치기 시작하더라. 좀 줄여야겠다 싶어 하루 3잔만 마셨다”고 말했다. 백지연은 그 이후에는 아예 커피를 끊기로 했다고 밝혔다. 그는 그 이유에 대해 “커피를 좋아하는 분이라면 굳이 왜 끊냐고 하겠지만, 수면의 질이 안 좋아지고 위가 불편해지는 것을",2025.01.22 16:30,https://biz.heraldcorp.com/article/10404707?sec=014,헤럴드경제
야채 안 먹어 ‘이것’만 먹였는데…8살 아이 영구 실명됐다,https://wimg.heraldcorp.com/news/cms/2025/01/22/news-p.v1.20250122.e5b336c85d84401fb4c50b0d8c21ab5d_T1.jpg?type=h&h=240,"[헤럴드경제=김보영 기자] 말레이시아에서 치킨과 소시지만 먹은 초등학생이 영구적으로 시력을 잃게 됐다. 불균형한 식습관으로 인한 영양소 결핍 때문이다. 21일(현지시간) 영국 데일리메일은 쿠알라룸푸르에 사는 8살 소년이 까다로운 식습관으로 인해 영양소가 공급되지 않아 영구 실명하게 됐다고 보도했다. 이 소년은 유아 시절부터 닭고기 너겟과 소시지, 쿠키만 먹었다고 한다. 사건은 초등학교 2학년에 재학 중인 소년이 학교에서 수업을 듣던 중 일어났다. 그는 갑자기 “선생님, 왜 저는 아무것도 볼 수 없어요?”라고 소리쳤다. 학교 측은 소년의 부모에게 연락을 취했고, 소년은 급히 병원으로 이송돼 심각한 비타민 A 결핍증 진단을 받았다. 말레이시아 의사 에르나 나디아 박사는 “양쪽 눈이 모두 시력을 잃었다. 소년의 실명은 회복될 수 없다”며 “이 학생의 부모에게는 안타까운 일이다. 쉽게 받아들이지 못할 것”이라고 안타까움을 표했다. 그러면서 “엄마로서 늘 바쁘다보니 요리를 하지 못하더라도 완",2025.01.22 12:07,https://biz.heraldcorp.com/article/10404692?sec=014,헤럴드경제
"트럼프 2기 실세는 ‘실리콘밸리 마피아’…머스크 따라 ‘A·B·C·D 투자’ 뜬다 [신동윤의 투자,지정학]",https://wimg.heraldcorp.com/news/cms/2025/01/20/news-p.v1.20250118.67269a29fa9e48f7bbc985800ff7f6d4_R.jpg,,,https://biz.heraldcorp.com/article/10401913,헤럴드경제
"영화 ‘하얼빈’과 ‘안중근 효과’, 그리고 이토 히로부미[서병기의 문화와 역사]",https://wimg.heraldcorp.com/news/cms/2025/01/15/news-p.v1.20250114.ca189c5d28c54c608428f422331369ab_R.jpg,,,https://biz.heraldcorp.com/article/10389701,헤럴드경제
과부제조기 vs 차세대 기술 선구자…벨 보잉 V-22 오스프리[오상현의 무기큐브],https://wimg.heraldcorp.com/news/cms/2025/01/16/news-p.v1.20250116.b943d05d01e9468980e1ac7eb03c526d_R.jpg,,,https://biz.heraldcorp.com/article/10393435,헤럴드경제
"‘응답하라 1988’ 서울-캘거리 인연, 가볼만한 곳[함영훈의 멋·맛·쉼]",,,,https://biz.heraldcorp.com/article/10404580,헤럴드경제
트럼프 취임에 웃는 금양인터 “○○○ 와인 대박” [푸드360],,,,https://biz.heraldcorp.com/article/10404394,헤럴드경제
고흐 “슬픔은 왜 나한테만 와?” 터져버린 눈물…모두가 펑펑 울어버린 그날[이원율의 후암동 미술관-빈센트 반 고흐 최종장],,,,https://biz.heraldcorp.com/article/10401446,헤럴드경제
눈 덮인 고요한 겨울 사찰…‘미륵성지’ 선운사의 절경 [정용식의 사찰 기행],,,,https://biz.heraldcorp.com/article/10400325,헤럴드경제
"“1명의 스타에 좌지우지, 요식업계 우스워”…냉부 박준우의 ‘폭탄발언’[미담:味談]",,,,https://biz.heraldcorp.com/article/10388286,헤럴드경제
[단독] 尹 체포 직전 “이런 싸움도 필요한 거다. 내가 앞장서 싸우겠다” [세상&],https://wimg.heraldcorp.com/news/cms/2025/01/22/rcv.YNA.20250115.PYH2025011510600001300_R.jpg?type=h&h=640,,,https://biz.heraldcorp.com/article/10405117,헤럴드경제
"“연봉 1억이면 보너스가 7500만원”…SK하이닉스, 기본급 1500%를 성과급 지급",https://wimg.heraldcorp.com/news/cms/2025/01/22/news-p.v1.20250122.1284d7a9678d490c8f10ef7b0b3e3193_R.png?type=h&h=640,,,https://biz.heraldcorp.com/article/10405080,헤럴드경제
하염없이 흐르는 시간…공수처 尹 조사 또 허탕 [세상&],https://wimg.heraldcorp.com/news/cms/2025/01/22/news-p.v1.20250122.03bb34ee79634df1b38903722261f872_R.jpg?type=h&h=640,,,https://biz.heraldcorp.com/article/10404936,헤럴드경제
與 만난 이창용 “정치 생각 전혀 없다”…정경 분리 강조 [이런정치],https://wimg.heraldcorp.com/news/cms/2025/01/22/rcv.YNA.20250122.PYH2025012215880001300_R.jpg?type=h&h=640,,,https://biz.heraldcorp.com/article/10405077,헤럴드경제
"前특전사령관 “‘의원 끌어내라’는 尹 지시, 분명한 사실”",https://wimg.heraldcorp.com/news/cms/2025/01/22/rcv.YNA.20250122.PYH2025012217420001300_R.jpg?type=h&h=640,,,https://biz.heraldcorp.com/article/10405083,헤럴드경제
